ID,Age_B01ID,Sex_B01ID,CarAccess_B01ID,NSSec_B03ID,EthGroupTS_B02ID,health_mmets,physical_activity_mmets,age_group
6039,18,2,4,4,1,2.31,5.17,70 - 79
6040,15,1,2,3,1,5.18,7.88,50 - 59
6041,15,1,2,3,2,2.55,3.47,50 - 59
6042,15,2,2,1,1,9.73,14.46,50 - 59
6043,15,2,2,1,1,9.73,14.46,50 - 59
6044,13,2,2,2,1,9.95,14.87,30 - 39
6045,13,1,3,5,1,13.29,15.77,30 - 39
6046,14,2,5,4,1,5.22,10.55,40 - 49
6047,13,2,2,3,1,6.87,12.06,30 - 39
6048,14,1,2,2,1,12,14.07,40 - 49
6049,15,2,1,1,1,9.73,14.46,50 - 59
6050,15,2,6,2,1,8.42,13.59,50 - 59
6051,15,1,5,3,1,5.18,7.88,50 - 59
6052,14,2,6,3,1,5.22,10.55,40 - 49
6053,10,2,6,5,1,8,12.64,18 - 29
6054,15,1,6,1,1,11.32,13.29,50 - 59
6055,10,2,2,5,1,8,12.64,18 - 29
6056,12,1,2,2,1,19.22,21.56,18 - 29
6057,21,2,6,3,1,0.84,1.83,85 +
6058,16,2,6,3,1,5.14,9.58,60 - 69
6059,13,2,6,4,1,6.87,12.06,30 - 39
6060,14,2,4,4,2,2.95,9.94,40 - 49
6061,14,1,2,2,2,10.48,13.24,40 - 49
6062,11,1,3,4,1,15.88,18.94,18 - 29
6063,13,2,6,5,1,6.87,12.06,30 - 39
6064,15,1,2,3,1,5.18,7.88,50 - 59
6065,14,2,2,2,1,9.06,13.23,40 - 49
6066,10,1,2,4,1,15.88,18.94,18 - 29
6067,14,2,6,3,1,5.22,10.55,40 - 49
6068,18,1,2,3,1,3.16,6.06,70 - 79
6069,16,1,2,3,1,6.59,8.29,60 - 69
6070,15,2,4,5,1,6.63,11.31,50 - 59
6071,21,2,6,1,1,0.6,0.78,85 +
6072,19,2,4,3,1,2.31,5.17,70 - 79
6073,15,1,6,3,1,5.18,7.88,50 - 59
6074,14,1,2,1,1,13.1,14.91,40 - 49
6075,13,2,2,1,1,20.36,23.03,30 - 39
6076,15,2,2,2,1,8.42,13.59,50 - 59
6077,15,1,3,3,1,5.18,7.88,50 - 59
6078,11,2,2,1,1,10.45,12.48,18 - 29
6079,16,2,2,1,1,8.63,11.12,60 - 69
6080,18,1,2,1,1,14.98,17.59,70 - 79
6081,17,1,2,2,1,10.61,13.08,60 - 69
6082,15,2,2,2,2,8.46,12.9,50 - 59
6083,13,2,2,2,1,9.95,14.87,30 - 39
6084,14,1,2,2,1,12,14.07,40 - 49
6085,20,2,4,3,1,0.84,1.83,80 - 84
6086,20,1,2,1,1,1.87,3.75,80 - 84
6087,21,1,6,3,1,2.35,5.31,85 +
6088,15,1,2,2,1,10.75,12.92,50 - 59
6089,14,2,2,1,1,11.73,14.78,40 - 49
6090,11,2,2,3,1,8,12.64,18 - 29
6091,18,2,6,1,1,7.22,9.72,70 - 79
6092,17,2,3,3,1,5.14,9.58,60 - 69
6093,17,1,2,3,1,6.59,8.29,60 - 69
6094,17,1,2,3,1,6.59,8.29,60 - 69
6095,16,2,4,3,1,5.14,9.58,60 - 69
6096,11,1,3,5,1,15.88,18.94,18 - 29
6097,9,1,3,5,1,15.88,18.94,18 - 29
6098,20,2,6,3,1,0.84,1.83,80 - 84
6099,14,2,2,1,1,11.73,14.78,40 - 49
6100,15,1,2,3,1,5.18,7.88,50 - 59
6101,13,2,3,1,2,16.19,23.45,30 - 39
6102,13,1,2,1,1,12.82,14.36,30 - 39
6103,11,1,2,5,1,15.88,18.94,18 - 29
6104,13,1,1,1,1,12.82,14.36,30 - 39
6105,12,2,4,4,2,4.71,11.29,18 - 29
6106,14,2,2,1,1,11.73,14.78,40 - 49
6107,14,2,2,1,1,11.73,14.78,40 - 49
6108,14,1,2,1,1,13.1,14.91,40 - 49
6109,11,1,3,1,1,19.45,21.23,18 - 29
6110,20,2,6,3,1,0.84,1.83,80 - 84
6111,13,1,2,1,1,12.82,14.36,30 - 39
6112,13,2,4,1,2,16.19,23.45,30 - 39
6113,13,2,2,1,1,20.36,23.03,30 - 39
6114,13,1,2,1,1,12.82,14.36,30 - 39
6115,13,1,5,3,1,13.29,15.77,30 - 39
6116,13,2,2,1,1,20.36,23.03,30 - 39
6117,13,2,2,1,1,20.36,23.03,30 - 39
6118,13,2,2,1,1,20.36,23.03,30 - 39
6119,20,2,6,2,1,1.45,2.21,80 - 84
6120,13,1,6,1,2,17.17,20.1,30 - 39
6121,13,1,6,3,2,8.27,11.21,30 - 39
6122,12,2,6,1,2,13.76,16.04,18 - 29
6123,12,2,6,3,2,4.71,11.29,18 - 29
6124,18,2,6,3,1,2.31,5.17,70 - 79
6125,14,1,5,3,1,6.2,9.08,40 - 49
6126,13,1,5,3,1,13.29,15.77,30 - 39
6127,20,2,6,3,1,0.84,1.83,80 - 84
6128,16,2,2,2,1,7.97,12.46,60 - 69
6129,14,1,3,3,1,6.2,9.08,40 - 49
6130,15,2,2,1,1,9.73,14.46,50 - 59
6131,19,1,2,3,1,3.16,6.06,70 - 79
6132,20,2,4,3,1,0.84,1.83,80 - 84
6133,21,2,6,4,1,0.84,1.83,85 +
6134,11,2,2,3,1,8,12.64,18 - 29
6135,14,2,6,4,2,2.95,9.94,40 - 49
6136,13,1,5,2,2,14.21,16.7,30 - 39
6137,11,2,6,3,1,8,12.64,18 - 29
6138,19,2,6,2,1,3.42,6.47,70 - 79
6139,18,1,2,1,2,7.3,8.83,70 - 79
6140,16,2,2,2,2,15.09,17.16,60 - 69
6141,9,1,4,5,1,15.88,18.94,18 - 29
6142,20,1,5,1,1,1.87,3.75,80 - 84
6143,20,2,5,1,1,0.6,0.78,80 - 84
6144,15,2,2,3,1,6.63,11.31,50 - 59
6145,13,1,2,1,1,12.82,14.36,30 - 39
6146,21,2,6,4,1,0.84,1.83,85 +
6147,20,1,6,3,1,2.35,5.31,80 - 84
6148,14,1,2,2,1,12,14.07,40 - 49
6149,14,1,1,1,1,13.1,14.91,40 - 49
6150,14,2,2,2,1,9.06,13.23,40 - 49
6151,18,1,2,2,1,11.03,13.23,70 - 79
6152,15,2,3,2,1,8.42,13.59,50 - 59
6153,21,2,6,4,1,0.84,1.83,85 +
6154,14,2,6,3,1,5.22,10.55,40 - 49
6155,13,2,6,4,1,6.87,12.06,30 - 39
6156,14,1,5,5,1,6.2,9.08,40 - 49
6157,14,1,6,1,1,13.1,14.91,40 - 49
6158,15,2,2,3,1,6.63,11.31,50 - 59
6159,15,1,2,3,1,5.18,7.88,50 - 59
6160,21,2,6,3,1,0.84,1.83,85 +
6161,21,2,6,3,1,0.84,1.83,85 +
6162,11,1,2,3,1,15.88,18.94,18 - 29
6163,10,1,6,3,1,15.88,18.94,18 - 29
6164,9,1,6,3,1,15.88,18.94,18 - 29
6165,19,2,2,1,1,7.22,9.72,70 - 79
6166,19,1,4,3,1,3.16,6.06,70 - 79
6167,15,2,2,1,1,9.73,14.46,50 - 59
6168,11,2,2,5,1,8,12.64,18 - 29
6169,17,2,6,1,1,8.63,11.12,60 - 69
6170,19,1,6,5,1,3.16,6.06,70 - 79
6171,15,1,6,5,1,5.18,7.88,50 - 59
6172,12,2,5,2,1,11.19,15.6,18 - 29
6173,14,2,6,3,1,5.22,10.55,40 - 49
6174,13,2,6,1,1,20.36,23.03,30 - 39
6175,12,1,6,1,1,19.45,21.23,18 - 29
6176,19,2,2,2,1,3.42,6.47,70 - 79
6177,15,1,3,4,1,5.18,7.88,50 - 59
6178,10,1,4,4,1,15.88,18.94,18 - 29
6179,12,2,4,2,1,11.19,15.6,18 - 29
6180,12,1,2,2,1,19.22,21.56,18 - 29
6181,19,1,2,1,1,14.98,17.59,70 - 79
6182,18,2,4,3,1,2.31,5.17,70 - 79
6183,13,1,2,3,1,13.29,15.77,30 - 39
6184,12,2,2,3,1,8,12.64,18 - 29
6185,15,1,5,2,1,10.75,12.92,50 - 59
6186,21,2,6,3,1,0.84,1.83,85 +
6187,13,2,2,2,1,9.95,14.87,30 - 39
6188,13,1,2,3,1,13.29,15.77,30 - 39
6189,14,2,6,1,1,11.73,14.78,40 - 49
6190,11,2,6,4,1,8,12.64,18 - 29
6191,11,1,5,2,2,15.27,17.63,18 - 29
6192,11,2,6,4,2,4.71,11.29,18 - 29
6193,11,2,6,3,1,8,12.64,18 - 29
6194,15,2,6,3,1,6.63,11.31,50 - 59
6195,14,2,2,5,1,5.22,10.55,40 - 49
6196,14,1,2,5,1,6.2,9.08,40 - 49
6197,11,1,2,5,1,15.88,18.94,18 - 29
6198,14,1,2,5,1,6.2,9.08,40 - 49
6199,14,2,2,2,1,9.06,13.23,40 - 49
6200,14,2,2,2,1,9.06,13.23,40 - 49
6201,18,1,2,1,1,14.98,17.59,70 - 79
6202,9,1,2,5,2,15.22,17.22,18 - 29
6203,13,2,2,4,2,2.82,8.1,30 - 39
6204,16,2,4,4,2,3.07,5.54,60 - 69
6205,17,1,5,3,1,6.59,8.29,60 - 69
6206,13,1,5,3,1,13.29,15.77,30 - 39
6207,17,2,6,3,1,5.14,9.58,60 - 69
6208,14,2,4,3,1,5.22,10.55,40 - 49
6209,13,1,2,3,1,13.29,15.77,30 - 39
6210,17,1,6,3,1,6.59,8.29,60 - 69
6211,12,2,6,2,1,11.19,15.6,18 - 29
6212,15,1,2,3,1,5.18,7.88,50 - 59
6213,20,1,2,3,1,2.35,5.31,80 - 84
6214,19,2,4,5,1,2.31,5.17,70 - 79
6215,13,1,2,1,1,12.82,14.36,30 - 39
6216,11,1,4,5,1,15.88,18.94,18 - 29
6217,14,1,4,4,2,2.3,3.53,40 - 49
6218,15,1,5,3,1,5.18,7.88,50 - 59
6219,17,1,2,1,1,14.44,17.13,60 - 69
6220,20,1,2,1,1,1.87,3.75,80 - 84
6221,18,2,2,2,1,3.42,6.47,70 - 79
6222,16,1,2,1,1,14.44,17.13,60 - 69
6223,16,2,2,1,1,8.63,11.12,60 - 69
6224,13,2,2,5,2,2.82,8.1,30 - 39
6225,11,2,2,1,1,10.45,12.48,18 - 29
6226,11,1,2,2,1,19.22,21.56,18 - 29
6227,14,1,2,2,1,12,14.07,40 - 49
6228,20,2,6,3,1,0.84,1.83,80 - 84
6229,15,2,2,3,1,6.63,11.31,50 - 59
6230,14,2,3,1,1,11.73,14.78,40 - 49
6231,12,2,6,3,1,8,12.64,18 - 29
6232,11,2,2,4,1,8,12.64,18 - 29
6233,15,1,2,1,1,11.32,13.29,50 - 59
6234,13,2,2,2,1,9.95,14.87,30 - 39
6235,21,1,2,1,1,1.87,3.75,85 +
6236,17,1,3,1,1,14.44,17.13,60 - 69
6237,16,2,2,1,1,8.63,11.12,60 - 69
6238,15,1,2,1,1,11.32,13.29,50 - 59
6239,14,2,2,1,1,11.73,14.78,40 - 49
6240,18,1,2,1,1,14.98,17.59,70 - 79
6241,15,2,2,2,1,8.42,13.59,50 - 59
6242,12,2,2,3,1,8,12.64,18 - 29
6243,12,1,3,1,1,19.45,21.23,18 - 29
6244,18,2,5,3,1,2.31,5.17,70 - 79
6245,14,1,2,5,1,6.2,9.08,40 - 49
6246,21,2,2,4,1,0.84,1.83,85 +
6247,14,2,2,5,1,5.22,10.55,40 - 49
6248,16,1,2,1,1,14.44,17.13,60 - 69
6249,13,1,2,2,1,14.15,16.25,30 - 39
6250,12,1,2,2,1,19.22,21.56,18 - 29
6251,19,2,6,2,1,3.42,6.47,70 - 79
6252,14,1,6,1,1,13.1,14.91,40 - 49
6253,11,1,6,1,1,19.45,21.23,18 - 29
6254,11,1,6,5,1,15.88,18.94,18 - 29
6255,14,2,2,2,2,9.47,16.92,40 - 49
6256,11,1,4,5,2,15.22,17.22,18 - 29
6257,9,2,3,5,2,4.71,11.29,18 - 29
6258,15,2,6,2,1,8.42,13.59,50 - 59
6259,13,2,2,4,1,6.87,12.06,30 - 39
6260,15,1,2,3,1,5.18,7.88,50 - 59
6261,17,1,2,5,1,6.59,8.29,60 - 69
6262,21,2,4,4,1,0.84,1.83,85 +
6263,16,2,4,4,1,5.14,9.58,60 - 69
6264,14,2,2,2,1,9.06,13.23,40 - 49
6265,15,1,2,1,1,11.32,13.29,50 - 59
6266,14,2,-8,5,1,5.22,10.55,40 - 49
6267,11,2,3,3,1,8,12.64,18 - 29
6268,11,1,2,2,1,19.22,21.56,18 - 29
6269,16,1,2,3,1,6.59,8.29,60 - 69
6270,20,2,4,3,1,0.84,1.83,80 - 84
6271,20,1,2,3,1,2.35,5.31,80 - 84
6272,11,2,2,3,1,8,12.64,18 - 29
6273,11,1,2,3,1,15.88,18.94,18 - 29
6274,20,2,6,4,1,0.84,1.83,80 - 84
6275,13,2,4,4,1,6.87,12.06,30 - 39
6276,13,2,3,4,2,2.82,8.1,30 - 39
6277,14,1,2,2,2,10.48,13.24,40 - 49
6278,21,2,4,4,2,0,0,85 +
6279,11,2,6,2,2,17.58,21.48,18 - 29
6280,13,1,6,1,2,17.17,20.1,30 - 39
6281,14,1,2,3,1,6.2,9.08,40 - 49
6282,16,2,4,3,1,5.14,9.58,60 - 69
6283,16,1,2,5,1,6.59,8.29,60 - 69
6284,15,1,5,5,2,2.55,3.47,50 - 59
6285,19,2,6,4,2,0.78,0.78,70 - 79
6286,15,1,5,3,1,5.18,7.88,50 - 59
6287,15,1,5,3,2,2.55,3.47,50 - 59
6288,19,1,3,2,1,11.03,13.23,70 - 79
6289,18,2,3,4,1,2.31,5.17,70 - 79
6290,21,2,6,1,1,0.6,0.78,85 +
6291,14,1,1,1,1,13.1,14.91,40 - 49
6292,13,2,2,1,1,20.36,23.03,30 - 39
6293,13,2,3,2,1,9.95,14.87,30 - 39
6294,16,2,4,2,1,7.97,12.46,60 - 69
6295,16,1,2,3,1,6.59,8.29,60 - 69
6296,17,2,5,1,1,8.63,11.12,60 - 69
6297,19,1,5,5,1,3.16,6.06,70 - 79
6298,14,2,2,1,1,11.73,14.78,40 - 49
6299,14,1,2,1,1,13.1,14.91,40 - 49
6300,10,1,2,3,1,15.88,18.94,18 - 29
6301,16,1,2,3,1,6.59,8.29,60 - 69
6302,15,1,2,2,1,10.75,12.92,50 - 59
6303,14,2,2,2,1,9.06,13.23,40 - 49
6304,11,1,2,2,1,19.22,21.56,18 - 29
6305,13,2,6,2,1,9.95,14.87,30 - 39
6306,16,1,6,3,1,6.59,8.29,60 - 69
6307,15,2,6,5,1,6.63,11.31,50 - 59
6308,11,2,6,4,1,8,12.64,18 - 29
6309,13,2,6,2,1,9.95,14.87,30 - 39
6310,15,1,1,1,1,11.32,13.29,50 - 59
6311,15,2,2,2,1,8.42,13.59,50 - 59
6312,21,2,6,5,1,0.84,1.83,85 +
6313,21,1,6,3,1,2.35,5.31,85 +
6314,14,2,6,4,2,2.95,9.94,40 - 49
6315,11,1,5,4,2,15.22,17.22,18 - 29
6316,11,2,6,3,2,4.71,11.29,18 - 29
6317,17,2,6,4,2,3.07,5.54,60 - 69
6318,13,1,6,4,2,8.27,11.21,30 - 39
6319,14,2,2,1,1,11.73,14.78,40 - 49
6320,16,1,2,1,1,14.44,17.13,60 - 69
6321,16,2,3,1,1,8.63,11.12,60 - 69
6322,20,1,3,2,1,2.26,3.31,80 - 84
6323,20,2,6,3,1,0.84,1.83,80 - 84
6324,15,2,3,1,1,9.73,14.46,50 - 59
6325,17,1,2,1,1,14.44,17.13,60 - 69
6326,13,1,3,2,1,14.15,16.25,30 - 39
6327,19,2,6,2,1,3.42,6.47,70 - 79
6328,20,2,6,1,1,0.6,0.78,80 - 84
6329,15,1,3,1,1,11.32,13.29,50 - 59
6330,13,1,2,1,1,12.82,14.36,30 - 39
6331,17,1,2,3,1,6.59,8.29,60 - 69
6332,16,2,3,3,1,5.14,9.58,60 - 69
6333,13,2,2,4,2,2.82,8.1,30 - 39
6334,13,1,2,2,2,14.21,16.7,30 - 39
6335,11,1,6,3,1,15.88,18.94,18 - 29
6336,21,2,4,4,1,0.84,1.83,85 +
6337,16,1,4,4,1,6.59,8.29,60 - 69
6338,14,2,2,2,1,9.06,13.23,40 - 49
6339,19,2,4,3,1,2.31,5.17,70 - 79
6340,18,2,6,3,1,2.31,5.17,70 - 79
6341,18,2,6,3,1,2.31,5.17,70 - 79
6342,11,2,6,3,1,8,12.64,18 - 29
6343,16,1,2,2,1,10.61,13.08,60 - 69
6344,16,2,2,5,1,5.14,9.58,60 - 69
6345,11,1,4,4,1,15.88,18.94,18 - 29
6346,10,2,4,4,1,8,12.64,18 - 29
6347,13,1,2,3,1,13.29,15.77,30 - 39
6348,15,2,4,3,1,6.63,11.31,50 - 59
6349,14,1,5,1,2,13.96,16.83,40 - 49
6350,13,2,4,1,1,20.36,23.03,30 - 39
6351,15,2,2,1,1,9.73,14.46,50 - 59
6352,15,1,2,1,1,11.32,13.29,50 - 59
6353,12,2,4,1,1,10.45,12.48,18 - 29
6354,14,1,2,3,1,6.2,9.08,40 - 49
6355,17,1,2,3,2,7.31,9.67,60 - 69
6356,15,2,3,2,2,8.46,12.9,50 - 59
6357,13,2,3,1,2,16.19,23.45,30 - 39
6358,14,1,3,1,2,13.96,16.83,40 - 49
6359,17,1,4,3,2,7.31,9.67,60 - 69
6360,15,2,4,4,2,0.54,5.32,50 - 59
6361,21,1,4,3,2,0,0,85 +
6362,12,1,6,4,2,15.22,17.22,18 - 29
6363,11,2,6,5,2,4.71,11.29,18 - 29
6364,15,1,6,3,1,5.18,7.88,50 - 59
6365,14,1,5,3,1,6.2,9.08,40 - 49
6366,19,1,2,3,1,3.16,6.06,70 - 79
6367,21,1,5,1,1,1.87,3.75,85 +
6368,14,2,2,2,1,9.06,13.23,40 - 49
6369,14,1,3,2,1,12,14.07,40 - 49
6370,17,2,2,2,1,7.97,12.46,60 - 69
6371,18,1,2,1,1,14.98,17.59,70 - 79
6372,14,2,2,2,1,9.06,13.23,40 - 49
6373,14,1,3,2,1,12,14.07,40 - 49
6374,11,2,2,3,1,8,12.64,18 - 29
6375,12,1,2,1,1,19.45,21.23,18 - 29
6376,14,2,2,2,1,9.06,13.23,40 - 49
6377,15,1,2,1,1,11.32,13.29,50 - 59
6378,10,2,2,3,1,8,12.64,18 - 29
6379,14,1,2,1,1,13.1,14.91,40 - 49
6380,13,2,5,5,1,6.87,12.06,30 - 39
6381,11,1,6,5,1,15.88,18.94,18 - 29
6382,11,1,5,5,1,15.88,18.94,18 - 29
6383,15,2,6,4,1,6.63,11.31,50 - 59
6384,14,1,6,5,1,6.2,9.08,40 - 49
6385,14,2,6,4,1,5.22,10.55,40 - 49
6386,9,1,6,5,1,15.88,18.94,18 - 29
6387,21,1,2,2,1,2.26,3.31,85 +
6388,19,2,3,3,1,2.31,5.17,70 - 79
6389,21,1,6,3,1,2.35,5.31,85 +
6390,18,2,2,2,1,3.42,6.47,70 - 79
6391,19,1,3,2,1,11.03,13.23,70 - 79
6392,16,1,2,3,1,6.59,8.29,60 - 69
6393,15,2,3,2,1,8.42,13.59,50 - 59
6394,11,1,6,5,2,15.22,17.22,18 - 29
6395,13,1,-8,3,1,13.29,15.77,30 - 39
6396,13,1,-8,1,1,12.82,14.36,30 - 39
6397,15,2,6,1,2,7.7,11.11,50 - 59
6398,15,1,5,5,2,2.55,3.47,50 - 59
6399,13,2,6,1,2,16.19,23.45,30 - 39
6400,12,1,6,5,2,15.22,17.22,18 - 29
6401,15,2,2,1,2,7.7,11.11,50 - 59
6402,17,2,2,3,1,5.14,9.58,60 - 69
6403,18,1,4,3,1,3.16,6.06,70 - 79
6404,11,1,5,5,2,15.22,17.22,18 - 29
6405,13,1,6,5,2,8.27,11.21,30 - 39
6406,13,2,6,5,2,2.82,8.1,30 - 39
6407,18,1,2,3,1,3.16,6.06,70 - 79
6408,18,2,3,3,1,2.31,5.17,70 - 79
6409,15,1,4,3,2,2.55,3.47,50 - 59
6410,13,1,4,1,2,17.17,20.1,30 - 39
6411,15,2,2,3,1,6.63,11.31,50 - 59
6412,15,1,2,2,1,10.75,12.92,50 - 59
6413,12,2,2,1,1,10.45,12.48,18 - 29
6414,11,1,4,3,1,15.88,18.94,18 - 29
6415,11,1,4,1,1,19.45,21.23,18 - 29
6416,20,1,2,1,1,1.87,3.75,80 - 84
6417,21,2,6,3,1,0.84,1.83,85 +
6418,14,2,2,1,1,11.73,14.78,40 - 49
6419,9,1,4,3,1,15.88,18.94,18 - 29
6420,12,2,2,2,1,11.19,15.6,18 - 29
6421,18,1,6,3,1,3.16,6.06,70 - 79
6422,14,1,2,3,1,6.2,9.08,40 - 49
6423,14,2,3,3,1,5.22,10.55,40 - 49
6424,13,1,2,1,1,12.82,14.36,30 - 39
6425,14,2,1,1,1,11.73,14.78,40 - 49
6426,11,1,6,2,2,15.27,17.63,18 - 29
6427,13,1,5,2,2,14.21,16.7,30 - 39
6428,14,2,2,3,1,5.22,10.55,40 - 49
6429,15,1,2,3,1,5.18,7.88,50 - 59
6430,11,1,2,2,1,19.22,21.56,18 - 29
6431,15,2,2,2,1,8.42,13.59,50 - 59
6432,15,1,2,1,1,11.32,13.29,50 - 59
6433,12,2,3,2,1,11.19,15.6,18 - 29
6434,12,1,2,2,1,19.22,21.56,18 - 29
6435,15,2,2,3,1,6.63,11.31,50 - 59
6436,13,1,2,2,1,14.15,16.25,30 - 39
6437,13,2,2,1,1,20.36,23.03,30 - 39
6438,14,1,1,1,1,13.1,14.91,40 - 49
6439,10,2,2,3,1,8,12.64,18 - 29
6440,11,1,3,3,1,15.88,18.94,18 - 29
6441,12,2,6,3,1,8,12.64,18 - 29
6442,19,2,5,1,1,7.22,9.72,70 - 79
6443,13,1,2,1,1,12.82,14.36,30 - 39
6444,12,1,2,1,1,19.45,21.23,18 - 29
6445,15,1,2,3,1,5.18,7.88,50 - 59
6446,12,1,1,1,1,19.45,21.23,18 - 29
6447,11,2,2,1,1,10.45,12.48,18 - 29
6448,15,2,2,1,1,9.73,14.46,50 - 59
6449,12,2,6,5,1,8,12.64,18 - 29
6450,11,1,6,5,1,15.88,18.94,18 - 29
6451,21,1,6,3,1,2.35,5.31,85 +
6452,15,2,2,2,1,8.42,13.59,50 - 59
6453,16,1,2,1,1,14.44,17.13,60 - 69
6454,11,1,2,2,1,19.22,21.56,18 - 29
6455,11,1,3,3,1,15.88,18.94,18 - 29
6456,9,2,4,3,1,8,12.64,18 - 29
6457,12,1,1,1,1,19.45,21.23,18 - 29
6458,11,2,3,1,1,10.45,12.48,18 - 29
6459,17,2,2,3,1,5.14,9.58,60 - 69
6460,13,2,3,2,1,9.95,14.87,30 - 39
6461,14,1,2,1,1,13.1,14.91,40 - 49
6462,15,2,2,3,1,6.63,11.31,50 - 59
6463,14,1,2,3,1,6.2,9.08,40 - 49
6464,14,2,2,3,1,5.22,10.55,40 - 49
6465,9,2,4,5,1,8,12.64,18 - 29
6466,15,1,2,3,1,5.18,7.88,50 - 59
6467,17,2,2,3,1,5.14,9.58,60 - 69
6468,10,2,2,5,1,8,12.64,18 - 29
6469,20,2,4,4,1,0.84,1.83,80 - 84
6470,11,1,4,4,2,15.22,17.22,18 - 29
6471,18,2,6,3,1,2.31,5.17,70 - 79
6472,18,1,5,3,1,3.16,6.06,70 - 79
6473,19,2,6,3,1,2.31,5.17,70 - 79
6474,13,1,2,3,2,8.27,11.21,30 - 39
6475,18,2,6,4,2,0.78,0.78,70 - 79
6476,15,1,2,5,2,2.55,3.47,50 - 59
6477,14,2,3,4,2,2.95,9.94,40 - 49
6478,15,2,3,1,2,7.7,11.11,50 - 59
6479,15,1,2,1,2,19.61,21.38,50 - 59
6480,12,1,3,1,2,4.95,9.08,18 - 29
6481,16,1,2,3,2,7.31,9.67,60 - 69
6482,16,2,4,4,2,3.07,5.54,60 - 69
6483,21,1,6,3,1,2.35,5.31,85 +
6484,21,2,6,3,1,0.84,1.83,85 +
6485,16,2,3,3,1,5.14,9.58,60 - 69
6486,19,1,2,3,1,3.16,6.06,70 - 79
6487,12,1,3,3,1,15.88,18.94,18 - 29
6488,17,1,2,3,1,6.59,8.29,60 - 69
6489,16,2,2,1,1,8.63,11.12,60 - 69
6490,15,2,2,1,1,9.73,14.46,50 - 59
6491,15,1,2,3,1,5.18,7.88,50 - 59
6492,11,2,4,1,1,10.45,12.48,18 - 29
6493,13,1,6,5,2,8.27,11.21,30 - 39
6494,15,2,2,1,1,9.73,14.46,50 - 59
6495,15,1,2,2,1,10.75,12.92,50 - 59
6496,11,2,2,2,1,11.19,15.6,18 - 29
6497,12,1,2,2,1,19.22,21.56,18 - 29
6498,14,1,2,1,1,13.1,14.91,40 - 49
6499,14,1,2,3,1,6.2,9.08,40 - 49
6500,14,2,4,3,1,5.22,10.55,40 - 49
6501,11,1,4,2,1,19.22,21.56,18 - 29
6502,11,2,4,5,1,8,12.64,18 - 29
6503,14,1,6,5,1,6.2,9.08,40 - 49
6504,13,2,6,3,1,6.87,12.06,30 - 39
6505,14,2,2,1,1,11.73,14.78,40 - 49
6506,15,1,2,1,1,11.32,13.29,50 - 59
6507,12,2,2,3,1,8,12.64,18 - 29
6508,21,1,6,1,1,1.87,3.75,85 +
6509,21,2,6,4,1,0.84,1.83,85 +
6510,13,2,2,3,1,6.87,12.06,30 - 39
6511,14,1,2,1,1,13.1,14.91,40 - 49
6512,21,2,6,3,1,0.84,1.83,85 +
6513,14,2,2,2,1,9.06,13.23,40 - 49
6514,11,2,2,3,1,8,12.64,18 - 29
6515,14,1,3,3,2,2.3,3.53,40 - 49
6516,13,1,2,3,2,8.27,11.21,30 - 39
6517,13,2,4,1,1,20.36,23.03,30 - 39
6518,15,2,6,3,1,6.63,11.31,50 - 59
6519,13,1,6,3,1,13.29,15.77,30 - 39
6520,19,1,6,1,1,14.98,17.59,70 - 79
6521,19,2,6,3,1,2.31,5.17,70 - 79
6522,21,2,2,3,1,0.84,1.83,85 +
6523,17,1,2,3,1,6.59,8.29,60 - 69
6524,16,2,3,1,1,8.63,11.12,60 - 69
6525,13,2,2,1,1,20.36,23.03,30 - 39
6526,13,2,2,3,1,6.87,12.06,30 - 39
6527,9,1,4,3,1,15.88,18.94,18 - 29
6528,14,2,2,1,1,11.73,14.78,40 - 49
6529,14,1,3,2,1,12,14.07,40 - 49
6530,16,2,6,3,1,5.14,9.58,60 - 69
6531,16,2,2,1,1,8.63,11.12,60 - 69
6532,17,1,2,1,1,14.44,17.13,60 - 69
6533,13,2,2,2,1,9.95,14.87,30 - 39
6534,14,2,2,5,1,5.22,10.55,40 - 49
6535,15,2,6,2,1,8.42,13.59,50 - 59
6536,15,1,6,5,1,5.18,7.88,50 - 59
6537,11,1,5,3,1,15.88,18.94,18 - 29
6538,12,1,6,1,1,19.45,21.23,18 - 29
6539,13,2,5,1,1,20.36,23.03,30 - 39
6540,14,1,5,1,1,13.1,14.91,40 - 49
6541,14,1,5,1,1,13.1,14.91,40 - 49
6542,14,2,6,3,1,5.22,10.55,40 - 49
6543,15,1,6,4,1,5.18,7.88,50 - 59
6544,12,1,5,3,1,15.88,18.94,18 - 29
6545,17,1,2,1,1,14.44,17.13,60 - 69
6546,13,2,6,1,1,20.36,23.03,30 - 39
6547,12,2,6,1,1,10.45,12.48,18 - 29
6548,12,2,-8,3,1,8,12.64,18 - 29
6549,12,2,-8,3,2,4.71,11.29,18 - 29
6550,11,2,4,3,1,8,12.64,18 - 29
6551,13,1,2,3,1,13.29,15.77,30 - 39
6552,14,2,5,1,1,11.73,14.78,40 - 49
6553,14,1,5,3,1,6.2,9.08,40 - 49
6554,17,1,2,1,1,14.44,17.13,60 - 69
6555,17,2,2,2,1,7.97,12.46,60 - 69
6556,14,1,5,5,1,6.2,9.08,40 - 49
6557,14,2,6,3,1,5.22,10.55,40 - 49
6558,14,2,2,2,1,9.06,13.23,40 - 49
6559,11,1,2,5,1,15.88,18.94,18 - 29
6560,12,2,2,2,1,11.19,15.6,18 - 29
6561,14,1,2,3,1,6.2,9.08,40 - 49
6562,13,2,3,3,1,6.87,12.06,30 - 39
6563,11,1,3,3,1,15.88,18.94,18 - 29
6564,9,2,4,3,1,8,12.64,18 - 29
6565,15,1,3,1,1,11.32,13.29,50 - 59
6566,14,2,2,2,1,9.06,13.23,40 - 49
6567,12,1,2,1,1,19.45,21.23,18 - 29
6568,19,2,6,3,1,2.31,5.17,70 - 79
6569,18,2,6,4,2,0.78,0.78,70 - 79
6570,18,1,5,3,2,17.71,18.49,70 - 79
6571,13,2,5,1,1,20.36,23.03,30 - 39
6572,14,1,5,1,1,13.1,14.91,40 - 49
6573,12,2,5,1,1,10.45,12.48,18 - 29
6574,13,2,6,4,2,2.82,8.1,30 - 39
6575,13,1,6,1,2,17.17,20.1,30 - 39
6576,16,2,2,1,1,8.63,11.12,60 - 69
6577,19,2,6,3,1,2.31,5.17,70 - 79
6578,20,1,6,3,1,2.35,5.31,80 - 84
6579,12,2,2,1,1,10.45,12.48,18 - 29
6580,13,1,1,1,1,12.82,14.36,30 - 39
6581,12,1,3,1,1,19.45,21.23,18 - 29
6582,11,1,5,5,1,15.88,18.94,18 - 29
6583,12,1,5,2,1,19.22,21.56,18 - 29
6584,21,2,6,3,1,0.84,1.83,85 +
6585,17,1,2,2,1,10.61,13.08,60 - 69
6586,17,2,4,5,1,5.14,9.58,60 - 69
6587,13,2,1,1,1,20.36,23.03,30 - 39
6588,13,1,1,1,1,12.82,14.36,30 - 39
6589,14,1,1,1,1,13.1,14.91,40 - 49
6590,17,1,2,3,1,6.59,8.29,60 - 69
6591,17,2,2,1,1,8.63,11.12,60 - 69
6592,13,1,2,2,1,14.15,16.25,30 - 39
6593,13,2,2,2,1,9.95,14.87,30 - 39
6594,14,2,2,1,1,11.73,14.78,40 - 49
6595,15,2,6,1,1,9.73,14.46,50 - 59
6596,15,1,3,3,2,2.55,3.47,50 - 59
6597,15,2,2,4,2,0.54,5.32,50 - 59
6598,20,2,4,4,2,0,0,80 - 84
6599,13,1,3,5,1,13.29,15.77,30 - 39
6600,12,1,3,1,1,19.45,21.23,18 - 29
6601,12,1,2,5,1,15.88,18.94,18 - 29
6602,11,2,2,1,1,10.45,12.48,18 - 29
6603,20,2,6,3,1,0.84,1.83,80 - 84
6604,21,1,6,3,1,2.35,5.31,85 +
6605,14,2,4,5,1,5.22,10.55,40 - 49
6606,9,1,3,2,1,19.22,21.56,18 - 29
6607,15,1,1,2,1,10.75,12.92,50 - 59
6608,12,1,3,2,1,19.22,21.56,18 - 29
6609,14,1,6,4,1,6.2,9.08,40 - 49
6610,15,1,2,2,1,10.75,12.92,50 - 59
6611,15,2,2,2,1,8.42,13.59,50 - 59
6612,17,2,3,3,1,5.14,9.58,60 - 69
6613,13,1,3,1,1,12.82,14.36,30 - 39
6614,13,1,5,3,1,13.29,15.77,30 - 39
6615,13,1,2,3,1,13.29,15.77,30 - 39
6616,15,1,6,3,1,5.18,7.88,50 - 59
6617,14,1,2,3,2,2.3,3.53,40 - 49
6618,13,2,2,4,2,2.82,8.1,30 - 39
6619,13,1,2,2,2,14.21,16.7,30 - 39
6620,17,1,3,5,2,7.31,9.67,60 - 69
6621,17,2,4,4,2,3.07,5.54,60 - 69
6622,13,1,2,2,2,14.21,16.7,30 - 39
6623,14,2,6,3,1,5.22,10.55,40 - 49
6624,14,1,6,2,1,12,14.07,40 - 49
6625,15,1,2,3,1,5.18,7.88,50 - 59
6626,13,1,2,2,1,14.15,16.25,30 - 39
6627,11,2,4,4,1,8,12.64,18 - 29
6628,14,1,2,4,1,6.2,9.08,40 - 49
6629,14,2,2,2,1,9.06,13.23,40 - 49
6630,11,1,2,2,1,19.22,21.56,18 - 29
6631,15,2,2,1,1,9.73,14.46,50 - 59
6632,14,1,2,2,1,12,14.07,40 - 49
6633,20,2,6,3,1,0.84,1.83,80 - 84
6634,20,1,4,3,1,2.35,5.31,80 - 84
6635,19,2,4,3,1,2.31,5.17,70 - 79
6636,14,1,2,2,1,12,14.07,40 - 49
6637,17,2,4,3,1,5.14,9.58,60 - 69
6638,17,1,2,2,1,10.61,13.08,60 - 69
6639,17,1,2,3,1,6.59,8.29,60 - 69
6640,13,1,6,3,1,13.29,15.77,30 - 39
6641,13,2,2,5,1,6.87,12.06,30 - 39
6642,14,1,2,2,1,12,14.07,40 - 49
6643,14,2,3,3,1,5.22,10.55,40 - 49
6644,14,1,2,2,1,12,14.07,40 - 49
6645,21,1,6,3,1,2.35,5.31,85 +
6646,19,2,6,3,2,0.78,0.78,70 - 79
6647,12,2,4,3,1,8,12.64,18 - 29
6648,14,2,6,4,2,2.95,9.94,40 - 49
6649,15,1,6,4,1,5.18,7.88,50 - 59
6650,15,2,5,2,1,8.42,13.59,50 - 59
6651,12,1,2,3,2,15.22,17.22,18 - 29
6652,11,1,2,3,2,15.22,17.22,18 - 29
6653,15,1,2,3,2,2.55,3.47,50 - 59
6654,15,2,3,2,2,8.46,12.9,50 - 59
6655,11,1,2,3,2,15.22,17.22,18 - 29
6656,15,2,4,3,2,0.54,5.32,50 - 59
6657,15,2,2,4,2,0.54,5.32,50 - 59
6658,11,1,2,3,2,15.22,17.22,18 - 29
6659,13,2,6,3,2,2.82,8.1,30 - 39
6660,14,1,6,3,2,2.3,3.53,40 - 49
6661,11,1,4,1,2,4.95,9.08,18 - 29
6662,15,2,2,1,2,7.7,11.11,50 - 59
6663,11,1,4,1,2,4.95,9.08,18 - 29
6664,14,1,-8,5,2,2.3,3.53,40 - 49
6665,13,2,-8,2,2,5.91,11.52,30 - 39
6666,18,2,-8,1,2,0,0,70 - 79
6667,16,2,3,3,2,3.07,5.54,60 - 69
6668,16,1,2,2,2,4.27,5.3,60 - 69
6669,13,1,2,2,2,14.21,16.7,30 - 39
6670,17,1,2,3,2,7.31,9.67,60 - 69
6671,16,2,3,1,2,34.82,34.95,60 - 69
6672,12,1,4,5,1,15.88,18.94,18 - 29
6673,11,1,3,3,1,15.88,18.94,18 - 29
6674,14,2,4,3,1,5.22,10.55,40 - 49
6675,14,1,2,1,1,13.1,14.91,40 - 49
6676,13,2,2,5,1,6.87,12.06,30 - 39
6677,10,1,2,3,1,15.88,18.94,18 - 29
6678,9,2,4,3,1,8,12.64,18 - 29
6679,10,1,2,1,1,19.45,21.23,18 - 29
6680,18,1,5,3,1,3.16,6.06,70 - 79
6681,20,1,4,3,1,2.35,5.31,80 - 84
6682,17,1,6,1,1,14.44,17.13,60 - 69
6683,11,1,6,3,2,15.22,17.22,18 - 29
6684,13,1,2,1,2,17.17,20.1,30 - 39
6685,13,2,3,1,2,16.19,23.45,30 - 39
6686,18,1,4,3,1,3.16,6.06,70 - 79
6687,16,1,2,3,1,6.59,8.29,60 - 69
6688,21,1,2,3,1,2.35,5.31,85 +
6689,21,1,3,1,1,1.87,3.75,85 +
6690,20,2,2,4,1,0.84,1.83,80 - 84
6691,15,2,2,1,1,9.73,14.46,50 - 59
6692,21,2,5,1,1,0.6,0.78,85 +
6693,14,2,4,4,2,2.95,9.94,40 - 49
6694,15,1,6,3,2,2.55,3.47,50 - 59
6695,10,2,6,5,1,8,12.64,18 - 29
6696,10,2,6,5,1,8,12.64,18 - 29
6697,19,1,4,3,2,17.71,18.49,70 - 79
6698,15,2,4,4,2,0.54,5.32,50 - 59
6699,13,2,6,4,2,2.82,8.1,30 - 39
6700,19,2,6,4,2,0.78,0.78,70 - 79
6701,18,2,4,4,2,0.78,0.78,70 - 79
6702,15,1,2,2,2,10.17,15.6,50 - 59
6703,9,1,4,5,2,15.22,17.22,18 - 29
6704,15,1,2,3,2,2.55,3.47,50 - 59
6705,12,1,3,1,2,4.95,9.08,18 - 29
6706,11,1,3,1,2,4.95,9.08,18 - 29
6707,18,2,2,3,1,2.31,5.17,70 - 79
6708,12,2,2,1,1,10.45,12.48,18 - 29
6709,12,2,3,1,1,10.45,12.48,18 - 29
6710,14,2,4,3,1,5.22,10.55,40 - 49
6711,14,1,2,3,1,6.2,9.08,40 - 49
6712,10,1,4,3,1,15.88,18.94,18 - 29
6713,15,2,6,2,2,8.46,12.9,50 - 59
6714,15,1,5,1,2,19.61,21.38,50 - 59
6715,11,1,5,1,1,19.45,21.23,18 - 29
6716,11,2,5,3,1,8,12.64,18 - 29
6717,21,2,6,3,1,0.84,1.83,85 +
6718,21,1,6,1,1,1.87,3.75,85 +
6719,14,2,6,3,1,5.22,10.55,40 - 49
6720,14,1,6,2,1,12,14.07,40 - 49
6721,13,2,6,1,1,20.36,23.03,30 - 39
6722,13,1,6,4,1,13.29,15.77,30 - 39
6723,10,1,6,5,2,15.22,17.22,18 - 29
6724,15,2,2,3,2,0.54,5.32,50 - 59
6725,11,1,2,1,2,4.95,9.08,18 - 29
6726,12,1,4,1,2,4.95,9.08,18 - 29
6727,11,1,3,4,2,15.22,17.22,18 - 29
6728,12,1,3,1,2,4.95,9.08,18 - 29
6729,17,1,4,3,2,7.31,9.67,60 - 69
6730,15,2,4,4,2,0.54,5.32,50 - 59
6731,15,1,6,2,1,10.75,12.92,50 - 59
6732,14,2,2,2,2,9.47,16.92,40 - 49
6733,11,1,2,2,2,15.27,17.63,18 - 29
6734,21,2,6,1,1,0.6,0.78,85 +
6735,14,2,6,3,1,5.22,10.55,40 - 49
6736,9,2,6,5,1,8,12.64,18 - 29
6737,13,1,3,2,1,14.15,16.25,30 - 39
6738,12,2,2,2,1,11.19,15.6,18 - 29
6739,16,1,5,1,1,14.44,17.13,60 - 69
6740,14,2,2,3,1,5.22,10.55,40 - 49
6741,16,1,5,3,1,6.59,8.29,60 - 69
6742,19,2,2,3,1,2.31,5.17,70 - 79
6743,15,1,2,2,1,10.75,12.92,50 - 59
6744,15,1,2,1,1,11.32,13.29,50 - 59
6745,18,2,4,3,1,2.31,5.17,70 - 79
6746,14,2,3,3,1,5.22,10.55,40 - 49
6747,13,2,5,2,1,9.95,14.87,30 - 39
6748,11,1,6,4,1,15.88,18.94,18 - 29
6749,11,2,5,3,2,4.71,11.29,18 - 29
6750,13,1,6,3,2,8.27,11.21,30 - 39
6751,11,1,2,3,2,15.22,17.22,18 - 29
6752,13,1,3,2,2,14.21,16.7,30 - 39
6753,13,2,4,3,2,2.82,8.1,30 - 39
6754,11,1,3,3,2,15.22,17.22,18 - 29
6755,10,2,4,3,2,4.71,11.29,18 - 29
6756,16,1,2,2,2,4.27,5.3,60 - 69
6757,15,2,4,4,2,0.54,5.32,50 - 59
6758,11,2,6,3,2,4.71,11.29,18 - 29
6759,13,1,2,2,2,14.21,16.7,30 - 39
6760,14,2,4,4,2,2.95,9.94,40 - 49
6761,11,1,3,3,2,15.22,17.22,18 - 29
6762,13,2,2,3,1,6.87,12.06,30 - 39
6763,14,1,2,1,1,13.1,14.91,40 - 49
6764,14,1,2,1,1,13.1,14.91,40 - 49
6765,15,2,4,3,1,6.63,11.31,50 - 59
6766,12,1,2,3,1,15.88,18.94,18 - 29
6767,10,2,4,5,1,8,12.64,18 - 29
6768,17,2,5,3,1,5.14,9.58,60 - 69
6769,14,2,2,2,1,9.06,13.23,40 - 49
6770,14,1,2,1,1,13.1,14.91,40 - 49
6771,11,2,2,2,1,11.19,15.6,18 - 29
6772,9,1,2,2,1,19.22,21.56,18 - 29
6773,18,2,4,3,1,2.31,5.17,70 - 79
6774,18,1,2,2,1,11.03,13.23,70 - 79
6775,14,1,2,5,1,6.2,9.08,40 - 49
6776,18,2,6,3,1,2.31,5.17,70 - 79
6777,15,1,2,2,1,10.75,12.92,50 - 59
6778,15,2,2,3,1,6.63,11.31,50 - 59
6779,13,2,2,1,1,20.36,23.03,30 - 39
6780,14,1,1,1,1,13.1,14.91,40 - 49
6781,17,1,2,1,1,14.44,17.13,60 - 69
6782,15,2,4,1,1,9.73,14.46,50 - 59
6783,13,2,2,1,1,20.36,23.03,30 - 39
6784,14,1,2,1,1,13.1,14.91,40 - 49
6785,14,2,6,3,1,5.22,10.55,40 - 49
6786,12,1,6,1,2,4.95,9.08,18 - 29
6787,14,1,2,1,1,13.1,14.91,40 - 49
6788,14,2,4,3,1,5.22,10.55,40 - 49
6789,12,2,6,3,1,8,12.64,18 - 29
6790,12,1,5,2,1,19.22,21.56,18 - 29
6791,16,2,2,3,1,5.14,9.58,60 - 69
6792,17,1,3,2,1,10.61,13.08,60 - 69
6793,19,1,6,1,1,14.98,17.59,70 - 79
6794,15,2,3,2,1,8.42,13.59,50 - 59
6795,17,1,2,2,1,10.61,13.08,60 - 69
6796,20,2,6,3,1,0.84,1.83,80 - 84
6797,14,2,2,1,1,11.73,14.78,40 - 49
6798,13,1,2,2,1,14.15,16.25,30 - 39
6799,13,2,2,2,1,9.95,14.87,30 - 39
6800,12,2,4,3,1,8,12.64,18 - 29
6801,13,1,2,2,1,14.15,16.25,30 - 39
6802,20,1,5,3,1,2.35,5.31,80 - 84
6803,17,1,3,3,1,6.59,8.29,60 - 69
6804,12,2,2,1,2,13.76,16.04,18 - 29
6805,16,2,4,4,2,3.07,5.54,60 - 69
6806,12,1,3,3,2,15.22,17.22,18 - 29
6807,15,1,2,2,2,10.17,15.6,50 - 59
6808,14,2,4,3,2,2.95,9.94,40 - 49
6809,13,1,5,3,1,13.29,15.77,30 - 39
6810,12,2,6,3,1,8,12.64,18 - 29
6811,14,2,6,3,2,2.95,9.94,40 - 49
6812,13,2,2,3,2,2.82,8.1,30 - 39
6813,17,1,4,3,1,6.59,8.29,60 - 69
6814,15,2,3,1,1,9.73,14.46,50 - 59
6815,12,2,2,5,1,8,12.64,18 - 29
6816,11,2,4,5,1,8,12.64,18 - 29
6817,21,2,6,3,1,0.84,1.83,85 +
6818,14,1,6,3,2,2.3,3.53,40 - 49
6819,11,1,1,1,1,19.45,21.23,18 - 29
6820,11,1,2,1,1,19.45,21.23,18 - 29
6821,13,2,2,3,2,2.82,8.1,30 - 39
6822,18,2,3,2,1,3.42,6.47,70 - 79
6823,14,2,2,2,1,9.06,13.23,40 - 49
6824,16,2,2,5,2,3.07,5.54,60 - 69
6825,16,1,2,5,2,7.31,9.67,60 - 69
6826,12,2,2,1,2,13.76,16.04,18 - 29
6827,13,1,2,1,1,12.82,14.36,30 - 39
6828,13,2,3,1,2,16.19,23.45,30 - 39
6829,14,2,2,1,1,11.73,14.78,40 - 49
6830,11,1,2,2,1,19.22,21.56,18 - 29
6831,16,1,2,2,1,10.61,13.08,60 - 69
6832,16,2,2,1,2,34.82,34.95,60 - 69
6833,15,2,2,2,1,8.42,13.59,50 - 59
6834,15,2,2,3,1,6.63,11.31,50 - 59
6835,14,1,5,2,1,12,14.07,40 - 49
6836,15,2,6,4,1,6.63,11.31,50 - 59
6837,20,1,6,2,1,2.26,3.31,80 - 84
6838,14,1,2,3,1,6.2,9.08,40 - 49
6839,14,2,2,1,1,11.73,14.78,40 - 49
6840,14,2,2,1,2,16.57,22.94,40 - 49
6841,14,1,2,2,1,12,14.07,40 - 49
6842,18,2,2,3,1,2.31,5.17,70 - 79
6843,15,2,4,2,1,8.42,13.59,50 - 59
6844,21,2,6,2,1,1.45,2.21,85 +
6845,15,1,6,3,1,5.18,7.88,50 - 59
6846,13,1,6,2,1,14.15,16.25,30 - 39
6847,13,2,5,5,1,6.87,12.06,30 - 39
6848,13,1,6,5,1,13.29,15.77,30 - 39
6849,17,1,5,3,2,7.31,9.67,60 - 69
6850,12,1,6,3,1,15.88,18.94,18 - 29
6851,12,2,6,3,1,8,12.64,18 - 29
6852,11,1,6,3,1,15.88,18.94,18 - 29
6853,12,2,5,3,1,8,12.64,18 - 29
6854,14,2,3,3,1,5.22,10.55,40 - 49
6855,14,1,2,2,1,12,14.07,40 - 49
6856,14,1,2,1,1,13.1,14.91,40 - 49
6857,13,2,2,1,1,20.36,23.03,30 - 39
6858,21,1,2,3,1,2.35,5.31,85 +
6859,16,2,6,5,1,5.14,9.58,60 - 69
6860,15,1,5,1,1,11.32,13.29,50 - 59
6861,11,2,2,5,1,8,12.64,18 - 29
6862,12,1,2,1,1,19.45,21.23,18 - 29
6863,16,2,6,1,1,8.63,11.12,60 - 69
6864,20,1,6,1,1,1.87,3.75,80 - 84
6865,19,2,6,3,1,2.31,5.17,70 - 79
6866,13,2,2,3,1,6.87,12.06,30 - 39
6867,13,1,2,1,1,12.82,14.36,30 - 39
6868,14,2,6,1,2,16.57,22.94,40 - 49
6869,16,2,2,3,1,5.14,9.58,60 - 69
6870,11,1,4,3,1,15.88,18.94,18 - 29
6871,15,2,2,1,1,9.73,14.46,50 - 59
6872,15,1,1,1,1,11.32,13.29,50 - 59
6873,9,2,2,3,1,8,12.64,18 - 29
6874,12,1,5,5,1,15.88,18.94,18 - 29
6875,11,1,5,1,1,19.45,21.23,18 - 29
6876,12,1,5,1,1,19.45,21.23,18 - 29
6877,12,1,5,1,1,19.45,21.23,18 - 29
6878,14,2,2,5,1,5.22,10.55,40 - 49
6879,12,1,6,5,1,15.88,18.94,18 - 29
6880,12,2,6,5,1,8,12.64,18 - 29
6881,12,2,6,5,1,8,12.64,18 - 29
6882,11,2,6,5,1,8,12.64,18 - 29
6883,13,1,6,5,1,13.29,15.77,30 - 39
6884,13,2,5,5,1,6.87,12.06,30 - 39
6885,13,1,6,5,2,8.27,11.21,30 - 39
6886,13,1,2,2,1,14.15,16.25,30 - 39
6887,16,1,2,1,1,14.44,17.13,60 - 69
6888,11,1,4,5,1,15.88,18.94,18 - 29
6889,20,2,6,2,1,1.45,2.21,80 - 84
6890,13,1,4,4,2,8.27,11.21,30 - 39
6891,11,2,4,4,2,4.71,11.29,18 - 29
6892,14,1,2,3,2,2.3,3.53,40 - 49
6893,11,1,2,1,1,19.45,21.23,18 - 29
6894,16,1,2,3,1,6.59,8.29,60 - 69
6895,16,2,2,2,1,7.97,12.46,60 - 69
6896,16,1,2,1,1,14.44,17.13,60 - 69
6897,15,2,2,1,1,9.73,14.46,50 - 59
6898,18,1,2,5,1,3.16,6.06,70 - 79
6899,18,2,3,5,1,2.31,5.17,70 - 79
6900,18,1,2,1,1,14.98,17.59,70 - 79
6901,17,2,3,1,1,8.63,11.12,60 - 69
6902,16,2,2,2,1,7.97,12.46,60 - 69
6903,17,1,3,1,2,1.14,1.64,60 - 69
6904,11,2,3,1,1,10.45,12.48,18 - 29
6905,21,2,4,4,2,0,0,85 +
6906,12,1,4,2,1,19.22,21.56,18 - 29
6907,16,2,2,1,1,8.63,11.12,60 - 69
6908,16,2,2,1,1,8.63,11.12,60 - 69
6909,15,1,2,3,1,5.18,7.88,50 - 59
6910,9,1,2,3,1,15.88,18.94,18 - 29
6911,9,2,2,2,1,11.19,15.6,18 - 29
6912,16,2,2,1,1,8.63,11.12,60 - 69
6913,18,1,3,1,1,14.98,17.59,70 - 79
6914,15,1,2,1,1,11.32,13.29,50 - 59
6915,14,2,2,2,1,9.06,13.23,40 - 49
6916,11,1,1,2,1,19.22,21.56,18 - 29
6917,9,1,4,2,1,19.22,21.56,18 - 29
6918,16,1,4,3,1,6.59,8.29,60 - 69
6919,14,1,2,5,1,6.2,9.08,40 - 49
6920,15,2,4,5,1,6.63,11.31,50 - 59
6921,13,1,2,1,2,17.17,20.1,30 - 39
6922,13,2,3,4,2,2.82,8.1,30 - 39
6923,13,1,6,3,2,8.27,11.21,30 - 39
6924,13,2,6,4,2,2.82,8.1,30 - 39
6925,13,2,6,3,1,6.87,12.06,30 - 39
6926,13,1,5,4,1,13.29,15.77,30 - 39
6927,20,2,6,3,1,0.84,1.83,80 - 84
6928,10,2,6,5,1,8,12.64,18 - 29
6929,20,1,6,3,1,2.35,5.31,80 - 84
6930,19,2,6,4,1,2.31,5.17,70 - 79
6931,13,1,2,1,1,12.82,14.36,30 - 39
6932,15,2,6,4,1,6.63,11.31,50 - 59
6933,18,2,2,1,1,7.22,9.72,70 - 79
6934,20,1,5,1,1,1.87,3.75,80 - 84
6935,11,2,2,3,1,8,12.64,18 - 29
6936,11,2,2,3,1,8,12.64,18 - 29
6937,14,2,5,1,1,11.73,14.78,40 - 49
6938,10,2,5,2,1,11.19,15.6,18 - 29
6939,14,1,6,4,1,6.2,9.08,40 - 49
6940,18,2,6,3,1,2.31,5.17,70 - 79
6941,20,1,2,3,1,2.35,5.31,80 - 84
6942,16,1,3,1,1,14.44,17.13,60 - 69
6943,14,2,2,2,1,9.06,13.23,40 - 49
6944,15,1,2,3,1,5.18,7.88,50 - 59
6945,18,2,2,2,1,3.42,6.47,70 - 79
6946,15,1,3,1,1,11.32,13.29,50 - 59
6947,18,1,4,3,1,3.16,6.06,70 - 79
6948,14,1,2,2,1,12,14.07,40 - 49
6949,21,2,6,1,1,0.6,0.78,85 +
6950,12,1,3,3,1,15.88,18.94,18 - 29
6951,12,2,2,3,1,8,12.64,18 - 29
6952,15,2,2,1,1,9.73,14.46,50 - 59
6953,15,1,2,2,1,10.75,12.92,50 - 59
6954,11,2,2,2,1,11.19,15.6,18 - 29
6955,15,2,6,4,1,6.63,11.31,50 - 59
6956,15,1,6,3,2,2.55,3.47,50 - 59
6957,15,2,6,3,2,0.54,5.32,50 - 59
6958,15,1,2,1,1,11.32,13.29,50 - 59
6959,15,2,2,1,1,9.73,14.46,50 - 59
6960,20,2,4,3,1,0.84,1.83,80 - 84
6961,15,2,6,3,1,6.63,11.31,50 - 59
6962,15,1,2,3,1,5.18,7.88,50 - 59
6963,15,2,2,3,1,6.63,11.31,50 - 59
6964,12,1,3,4,1,15.88,18.94,18 - 29
6965,11,1,2,1,1,19.45,21.23,18 - 29
6966,15,1,3,3,1,5.18,7.88,50 - 59
6967,14,2,2,4,1,5.22,10.55,40 - 49
6968,13,2,4,3,1,6.87,12.06,30 - 39
6969,14,1,2,3,1,6.2,9.08,40 - 49
6970,13,1,1,3,2,8.27,11.21,30 - 39
6971,19,2,4,3,1,2.31,5.17,70 - 79
6972,12,2,6,3,1,8,12.64,18 - 29
6973,12,1,6,5,1,15.88,18.94,18 - 29
6974,13,2,3,4,2,2.82,8.1,30 - 39
6975,14,1,2,4,2,2.3,3.53,40 - 49
6976,14,1,2,1,1,13.1,14.91,40 - 49
6977,13,2,2,2,1,9.95,14.87,30 - 39
6978,14,2,2,2,1,9.06,13.23,40 - 49
6979,10,1,4,5,1,15.88,18.94,18 - 29
6980,15,2,2,3,1,6.63,11.31,50 - 59
6981,12,2,2,1,1,10.45,12.48,18 - 29
6982,19,1,5,3,1,3.16,6.06,70 - 79
6983,13,1,2,1,1,12.82,14.36,30 - 39
6984,19,1,3,1,1,14.98,17.59,70 - 79
6985,20,2,6,3,1,0.84,1.83,80 - 84
6986,17,2,3,1,1,8.63,11.12,60 - 69
6987,17,1,2,1,1,14.44,17.13,60 - 69
6988,13,2,2,4,1,6.87,12.06,30 - 39
6989,14,2,2,1,1,11.73,14.78,40 - 49
6990,9,2,4,5,1,8,12.64,18 - 29
6991,18,1,2,3,1,3.16,6.06,70 - 79
6992,18,2,3,2,1,3.42,6.47,70 - 79
6993,13,2,2,1,1,20.36,23.03,30 - 39
6994,13,1,2,2,1,14.15,16.25,30 - 39
6995,13,2,4,3,1,6.87,12.06,30 - 39
6996,11,1,2,2,1,19.22,21.56,18 - 29
6997,15,2,2,1,1,9.73,14.46,50 - 59
6998,17,1,2,3,1,6.59,8.29,60 - 69
6999,11,2,2,2,1,11.19,15.6,18 - 29
7000,15,2,4,4,1,6.63,11.31,50 - 59
7001,15,1,2,2,1,10.75,12.92,50 - 59
7002,14,1,6,3,1,6.2,9.08,40 - 49
7003,13,1,2,1,2,17.17,20.1,30 - 39
7004,11,2,5,3,1,8,12.64,18 - 29
7005,11,1,5,1,1,19.45,21.23,18 - 29
7006,20,2,6,1,1,0.6,0.78,80 - 84
7007,15,2,5,3,1,6.63,11.31,50 - 59
7008,15,1,5,1,1,11.32,13.29,50 - 59
7009,13,1,5,1,1,12.82,14.36,30 - 39
7010,15,1,2,3,1,5.18,7.88,50 - 59
7011,15,2,3,3,1,6.63,11.31,50 - 59
7012,11,1,3,3,1,15.88,18.94,18 - 29
7013,11,2,2,1,1,10.45,12.48,18 - 29
7014,13,2,4,2,2,5.91,11.52,30 - 39
7015,13,2,2,1,2,16.19,23.45,30 - 39
7016,13,1,6,3,2,8.27,11.21,30 - 39
7017,13,2,6,2,2,5.91,11.52,30 - 39
7018,14,2,4,3,2,2.95,9.94,40 - 49
7019,14,1,2,1,2,13.96,16.83,40 - 49
7020,11,1,4,5,2,15.22,17.22,18 - 29
7021,15,1,5,3,2,2.55,3.47,50 - 59
7022,13,2,6,3,2,2.82,8.1,30 - 39
7023,11,1,6,2,2,15.27,17.63,18 - 29
7024,14,1,3,4,2,2.3,3.53,40 - 49
7025,19,2,4,3,1,2.31,5.17,70 - 79
7026,15,1,2,5,1,5.18,7.88,50 - 59
7027,17,1,2,2,1,10.61,13.08,60 - 69
7028,16,2,2,3,1,5.14,9.58,60 - 69
7029,15,1,2,5,1,5.18,7.88,50 - 59
7030,13,2,3,3,2,2.82,8.1,30 - 39
7031,14,1,5,3,1,6.2,9.08,40 - 49
7032,13,2,5,1,1,20.36,23.03,30 - 39
7033,14,1,5,1,1,13.1,14.91,40 - 49
7034,15,1,5,1,1,11.32,13.29,50 - 59
7035,16,2,5,3,1,5.14,9.58,60 - 69
7036,14,2,2,1,1,11.73,14.78,40 - 49
7037,15,2,4,3,1,6.63,11.31,50 - 59
7038,21,2,4,1,1,0.6,0.78,85 +
7039,15,1,2,2,1,10.75,12.92,50 - 59
7040,14,2,3,1,1,11.73,14.78,40 - 49
7041,13,1,6,1,1,12.82,14.36,30 - 39
7042,12,2,3,1,1,10.45,12.48,18 - 29
7043,13,2,3,1,1,20.36,23.03,30 - 39
7044,12,2,2,2,1,11.19,15.6,18 - 29
7045,12,2,3,2,1,11.19,15.6,18 - 29
7046,16,1,6,2,1,10.61,13.08,60 - 69
7047,15,2,2,2,1,8.42,13.59,50 - 59
7048,15,1,2,2,1,10.75,12.92,50 - 59
7049,14,2,2,1,1,11.73,14.78,40 - 49
7050,14,1,2,1,1,13.1,14.91,40 - 49
7051,21,1,5,1,1,1.87,3.75,85 +
7052,16,1,6,3,1,6.59,8.29,60 - 69
7053,18,1,6,3,1,3.16,6.06,70 - 79
7054,15,2,6,3,1,6.63,11.31,50 - 59
7055,12,2,2,1,2,13.76,16.04,18 - 29
7056,14,1,2,1,2,13.96,16.83,40 - 49
7057,13,1,3,2,2,14.21,16.7,30 - 39
7058,14,2,6,4,2,2.95,9.94,40 - 49
7059,17,2,6,3,2,3.07,5.54,60 - 69
7060,14,2,2,3,1,5.22,10.55,40 - 49
7061,15,1,2,1,1,11.32,13.29,50 - 59
7062,11,2,4,1,1,10.45,12.48,18 - 29
7063,13,2,3,1,2,16.19,23.45,30 - 39
7064,15,1,2,1,1,11.32,13.29,50 - 59
7065,14,2,2,1,1,11.73,14.78,40 - 49
7066,14,2,2,1,1,11.73,14.78,40 - 49
7067,14,1,3,1,1,13.1,14.91,40 - 49
7068,18,1,2,3,1,3.16,6.06,70 - 79
7069,18,2,3,3,1,2.31,5.17,70 - 79
7070,12,2,6,4,1,8,12.64,18 - 29
7071,11,2,2,3,1,8,12.64,18 - 29
7072,11,1,3,3,1,15.88,18.94,18 - 29
7073,15,2,6,3,1,6.63,11.31,50 - 59
7074,15,2,4,5,2,0.54,5.32,50 - 59
7075,15,1,2,3,2,2.55,3.47,50 - 59
7076,10,1,4,5,2,15.22,17.22,18 - 29
7077,13,1,2,1,2,17.17,20.1,30 - 39
7078,12,2,3,4,2,4.71,11.29,18 - 29
7079,10,1,4,5,2,15.22,17.22,18 - 29
7080,19,2,6,3,1,2.31,5.17,70 - 79
7081,13,2,6,3,1,6.87,12.06,30 - 39
7082,11,1,6,3,1,15.88,18.94,18 - 29
7083,20,2,5,2,1,1.45,2.21,80 - 84
7084,13,2,5,3,1,6.87,12.06,30 - 39
7085,16,1,6,4,1,6.59,8.29,60 - 69
7086,14,1,2,3,1,6.2,9.08,40 - 49
7087,14,2,2,1,1,11.73,14.78,40 - 49
7088,9,2,3,5,1,8,12.64,18 - 29
7089,17,1,2,3,1,6.59,8.29,60 - 69
7090,17,2,3,3,1,5.14,9.58,60 - 69
7091,15,1,2,2,1,10.75,12.92,50 - 59
7092,15,2,2,1,1,9.73,14.46,50 - 59
7093,15,2,2,1,1,9.73,14.46,50 - 59
7094,16,1,2,1,1,14.44,17.13,60 - 69
7095,10,2,2,5,1,8,12.64,18 - 29
7096,12,2,6,3,1,8,12.64,18 - 29
7097,19,2,3,3,1,2.31,5.17,70 - 79
7098,17,1,3,3,1,6.59,8.29,60 - 69
7099,17,2,2,1,1,8.63,11.12,60 - 69
7100,17,2,4,3,1,5.14,9.58,60 - 69
7101,18,1,2,3,1,3.16,6.06,70 - 79
7102,20,1,2,2,1,2.26,3.31,80 - 84
7103,15,2,3,1,1,9.73,14.46,50 - 59
7104,15,1,2,5,1,5.18,7.88,50 - 59
7105,20,2,6,4,1,0.84,1.83,80 - 84
7106,21,1,6,3,1,2.35,5.31,85 +
7107,11,2,2,3,1,8,12.64,18 - 29
7108,21,1,2,1,1,1.87,3.75,85 +
7109,18,1,2,2,1,11.03,13.23,70 - 79
7110,18,2,2,3,1,2.31,5.17,70 - 79
7111,14,1,2,3,1,6.2,9.08,40 - 49
7112,21,2,6,3,1,0.84,1.83,85 +
7113,13,1,2,1,1,12.82,14.36,30 - 39
7114,12,2,3,2,1,11.19,15.6,18 - 29
7115,21,1,4,1,1,1.87,3.75,85 +
7116,13,2,2,2,1,9.95,14.87,30 - 39
7117,13,1,2,3,1,13.29,15.77,30 - 39
7118,14,2,2,1,1,11.73,14.78,40 - 49
7119,14,1,3,3,2,2.3,3.53,40 - 49
7120,15,1,2,2,1,10.75,12.92,50 - 59
7121,13,1,4,2,1,14.15,16.25,30 - 39
7122,13,1,2,1,1,12.82,14.36,30 - 39
7123,19,1,5,2,1,11.03,13.23,70 - 79
7124,17,2,-8,2,1,7.97,12.46,60 - 69
7125,18,1,2,3,1,3.16,6.06,70 - 79
7126,13,1,3,1,1,12.82,14.36,30 - 39
7127,15,2,2,1,1,9.73,14.46,50 - 59
7128,13,2,2,2,1,9.95,14.87,30 - 39
7129,16,1,2,3,1,6.59,8.29,60 - 69
7130,16,2,4,3,1,5.14,9.58,60 - 69
7131,13,1,4,2,1,14.15,16.25,30 - 39
7132,13,2,2,2,1,9.95,14.87,30 - 39
7133,13,1,3,2,1,14.15,16.25,30 - 39
7134,16,1,2,3,1,6.59,8.29,60 - 69
7135,16,2,4,3,1,5.14,9.58,60 - 69
7136,13,2,2,1,1,20.36,23.03,30 - 39
7137,11,1,2,3,1,15.88,18.94,18 - 29
7138,14,2,2,2,1,9.06,13.23,40 - 49
7139,14,1,2,1,1,13.1,14.91,40 - 49
7140,11,2,2,2,1,11.19,15.6,18 - 29
7141,15,1,2,2,1,10.75,12.92,50 - 59
7142,17,2,4,3,1,5.14,9.58,60 - 69
7143,16,2,6,2,1,7.97,12.46,60 - 69
7144,14,1,2,1,2,13.96,16.83,40 - 49
7145,15,2,2,1,1,9.73,14.46,50 - 59
7146,11,2,2,1,1,10.45,12.48,18 - 29
7147,13,1,3,1,1,12.82,14.36,30 - 39
7148,13,2,4,2,1,9.95,14.87,30 - 39
7149,18,1,2,1,1,14.98,17.59,70 - 79
7150,17,2,2,2,1,7.97,12.46,60 - 69
7151,21,2,2,3,1,0.84,1.83,85 +
7152,21,1,3,1,1,1.87,3.75,85 +
7153,14,1,2,1,1,13.1,14.91,40 - 49
7154,21,1,4,1,1,1.87,3.75,85 +
7155,13,1,3,1,2,17.17,20.1,30 - 39
7156,13,2,2,1,2,16.19,23.45,30 - 39
7157,14,2,2,1,1,11.73,14.78,40 - 49
7158,14,2,2,1,1,11.73,14.78,40 - 49
7159,15,1,2,1,1,11.32,13.29,50 - 59
7160,14,2,2,2,1,9.06,13.23,40 - 49
7161,11,2,4,2,1,11.19,15.6,18 - 29
7162,12,2,2,1,1,10.45,12.48,18 - 29
7163,13,2,2,5,1,6.87,12.06,30 - 39
7164,13,2,2,1,1,20.36,23.03,30 - 39
7165,13,1,2,1,1,12.82,14.36,30 - 39
7166,10,1,2,5,1,15.88,18.94,18 - 29
7167,12,2,2,3,1,8,12.64,18 - 29
7168,14,2,2,1,1,11.73,14.78,40 - 49
7169,14,1,2,1,1,13.1,14.91,40 - 49
7170,20,2,4,4,2,0,0,80 - 84
7171,11,1,3,5,2,15.22,17.22,18 - 29
7172,12,1,2,1,2,4.95,9.08,18 - 29
7173,12,2,2,2,2,17.58,21.48,18 - 29
7174,15,1,2,1,1,11.32,13.29,50 - 59
7175,14,2,2,1,1,11.73,14.78,40 - 49
7176,19,1,2,2,1,11.03,13.23,70 - 79
7177,14,1,6,5,2,2.3,3.53,40 - 49
7178,14,2,6,4,2,2.95,9.94,40 - 49
7179,14,1,2,3,1,6.2,9.08,40 - 49
7180,14,2,4,1,2,16.57,22.94,40 - 49
7181,20,2,6,3,1,0.84,1.83,80 - 84
7182,12,2,2,2,1,11.19,15.6,18 - 29
7183,13,1,2,3,1,13.29,15.77,30 - 39
7184,16,1,2,1,1,14.44,17.13,60 - 69
7185,11,2,4,5,1,8,12.64,18 - 29
7186,14,1,2,2,1,12,14.07,40 - 49
7187,14,2,3,3,1,5.22,10.55,40 - 49
7188,14,1,3,3,1,6.2,9.08,40 - 49
7189,11,2,2,1,1,10.45,12.48,18 - 29
7190,20,1,6,2,1,2.26,3.31,80 - 84
7191,20,2,6,2,1,1.45,2.21,80 - 84
7192,15,1,3,2,1,10.75,12.92,50 - 59
7193,15,2,2,2,1,8.42,13.59,50 - 59
7194,20,2,6,3,1,0.84,1.83,80 - 84
7195,15,1,2,2,1,10.75,12.92,50 - 59
7196,12,1,2,1,1,19.45,21.23,18 - 29
7197,12,2,3,1,1,10.45,12.48,18 - 29
7198,15,1,4,5,1,5.18,7.88,50 - 59
7199,14,1,2,5,1,6.2,9.08,40 - 49
7200,14,1,3,1,1,13.1,14.91,40 - 49
7201,14,2,2,2,1,9.06,13.23,40 - 49
7202,14,1,2,2,1,12,14.07,40 - 49
7203,14,1,2,1,1,13.1,14.91,40 - 49
7204,14,2,2,2,1,9.06,13.23,40 - 49
7205,11,1,2,2,1,19.22,21.56,18 - 29
7206,13,2,4,3,1,6.87,12.06,30 - 39
7207,14,2,2,3,1,5.22,10.55,40 - 49
7208,14,2,2,3,1,5.22,10.55,40 - 49
7209,15,1,2,2,1,10.75,12.92,50 - 59
7210,10,1,4,5,1,15.88,18.94,18 - 29
7211,13,2,2,3,1,6.87,12.06,30 - 39
7212,16,2,2,1,1,8.63,11.12,60 - 69
7213,11,1,5,2,1,19.22,21.56,18 - 29
7214,11,2,6,1,1,10.45,12.48,18 - 29
7215,16,2,2,1,1,8.63,11.12,60 - 69
7216,12,2,4,4,2,4.71,11.29,18 - 29
7217,16,1,3,2,1,10.61,13.08,60 - 69
7218,20,2,4,2,1,1.45,2.21,80 - 84
7219,20,1,2,2,1,2.26,3.31,80 - 84
7220,13,2,2,3,1,6.87,12.06,30 - 39
7221,15,1,5,5,1,5.18,7.88,50 - 59
7222,18,1,3,1,1,14.98,17.59,70 - 79
7223,15,2,2,3,1,6.63,11.31,50 - 59
7224,16,1,5,3,1,6.59,8.29,60 - 69
7225,16,2,2,5,1,5.14,9.58,60 - 69
7226,13,2,4,5,1,6.87,12.06,30 - 39
7227,13,1,2,2,1,14.15,16.25,30 - 39
7228,9,2,4,3,1,8,12.64,18 - 29
7229,13,2,2,1,1,20.36,23.03,30 - 39
7230,14,1,2,2,1,12,14.07,40 - 49
7231,11,1,6,3,1,15.88,18.94,18 - 29
7232,12,2,2,1,1,10.45,12.48,18 - 29
7233,14,2,2,1,1,11.73,14.78,40 - 49
7234,13,2,6,3,1,6.87,12.06,30 - 39
7235,13,1,6,4,1,13.29,15.77,30 - 39
7236,12,2,2,2,1,11.19,15.6,18 - 29
7237,14,2,4,2,1,9.06,13.23,40 - 49
7238,14,1,2,2,1,12,14.07,40 - 49
7239,17,2,3,3,1,5.14,9.58,60 - 69
7240,17,1,2,1,1,14.44,17.13,60 - 69
7241,14,1,2,3,1,6.2,9.08,40 - 49
7242,18,2,6,3,1,2.31,5.17,70 - 79
7243,17,2,3,1,1,8.63,11.12,60 - 69
7244,16,1,5,3,1,6.59,8.29,60 - 69
7245,14,2,6,4,1,5.22,10.55,40 - 49
7246,12,2,2,3,1,8,12.64,18 - 29
7247,16,1,2,2,1,10.61,13.08,60 - 69
7248,16,2,2,3,1,5.14,9.58,60 - 69
7249,21,2,4,4,1,0.84,1.83,85 +
7250,16,2,2,3,1,5.14,9.58,60 - 69
7251,17,2,5,3,1,5.14,9.58,60 - 69
7252,14,1,6,4,1,6.2,9.08,40 - 49
7253,11,2,6,3,1,8,12.64,18 - 29
7254,11,1,6,4,1,15.88,18.94,18 - 29
7255,15,1,2,1,1,11.32,13.29,50 - 59
7256,19,1,3,3,1,3.16,6.06,70 - 79
7257,12,2,2,4,1,8,12.64,18 - 29
7258,13,2,4,3,1,6.87,12.06,30 - 39
7259,17,1,3,1,1,14.44,17.13,60 - 69
7260,16,2,6,3,1,5.14,9.58,60 - 69
7261,14,2,2,2,2,9.47,16.92,40 - 49
7262,16,1,2,3,2,7.31,9.67,60 - 69
7263,17,1,2,1,1,14.44,17.13,60 - 69
7264,17,2,4,4,1,5.14,9.58,60 - 69
7265,14,1,2,3,1,6.2,9.08,40 - 49
7266,14,2,4,3,1,5.22,10.55,40 - 49
7267,20,2,4,4,1,0.84,1.83,80 - 84
7268,11,2,4,1,1,10.45,12.48,18 - 29
7269,11,1,2,1,1,19.45,21.23,18 - 29
7270,14,2,3,3,1,5.22,10.55,40 - 49
7271,14,1,2,3,1,6.2,9.08,40 - 49
7272,20,2,2,3,1,0.84,1.83,80 - 84
7273,14,2,2,1,1,11.73,14.78,40 - 49
7274,10,2,2,5,1,8,12.64,18 - 29
7275,16,1,1,1,1,14.44,17.13,60 - 69
7276,15,2,2,1,1,9.73,14.46,50 - 59
7277,19,2,6,4,1,2.31,5.17,70 - 79
7278,18,2,2,2,1,3.42,6.47,70 - 79
7279,18,1,2,3,1,3.16,6.06,70 - 79
7280,14,2,2,5,1,5.22,10.55,40 - 49
7281,14,1,2,5,1,6.2,9.08,40 - 49
7282,16,2,4,3,2,3.07,5.54,60 - 69
7283,16,1,2,3,1,6.59,8.29,60 - 69
7284,14,2,6,3,1,5.22,10.55,40 - 49
7285,16,2,6,2,1,7.97,12.46,60 - 69
7286,16,1,2,4,1,6.59,8.29,60 - 69
7287,16,2,4,3,1,5.14,9.58,60 - 69
7288,14,1,2,3,2,2.3,3.53,40 - 49
7289,15,2,4,2,2,8.46,12.9,50 - 59
7290,14,1,4,4,1,6.2,9.08,40 - 49
7291,14,2,2,4,1,5.22,10.55,40 - 49
7292,13,1,2,1,1,12.82,14.36,30 - 39
7293,14,2,3,1,1,11.73,14.78,40 - 49
7294,19,1,2,3,2,17.71,18.49,70 - 79
7295,18,2,4,4,2,0.78,0.78,70 - 79
7296,20,2,6,1,1,0.6,0.78,80 - 84
7297,15,2,2,1,1,9.73,14.46,50 - 59
7298,14,1,2,1,1,13.1,14.91,40 - 49
7299,12,2,2,1,1,10.45,12.48,18 - 29
7300,13,1,2,2,1,14.15,16.25,30 - 39
7301,12,1,2,3,1,15.88,18.94,18 - 29
7302,12,2,4,3,2,4.71,11.29,18 - 29
7303,19,2,4,3,1,2.31,5.17,70 - 79
7304,14,2,2,1,1,11.73,14.78,40 - 49
7305,17,2,6,3,1,5.14,9.58,60 - 69
7306,10,1,2,4,1,15.88,18.94,18 - 29
7307,15,2,2,2,1,8.42,13.59,50 - 59
7308,14,2,5,2,1,9.06,13.23,40 - 49
7309,21,1,5,1,1,1.87,3.75,85 +
7310,9,1,5,5,2,15.22,17.22,18 - 29
7311,9,1,6,5,1,15.88,18.94,18 - 29
7312,9,1,6,5,1,15.88,18.94,18 - 29
7313,9,1,6,5,1,15.88,18.94,18 - 29
7314,14,2,2,3,1,5.22,10.55,40 - 49
7315,15,2,6,4,1,6.63,11.31,50 - 59
7316,19,2,6,2,1,3.42,6.47,70 - 79
7317,21,2,6,3,1,0.84,1.83,85 +
7318,14,1,4,4,1,6.2,9.08,40 - 49
7319,20,1,3,2,1,2.26,3.31,80 - 84
7320,20,2,6,2,1,1.45,2.21,80 - 84
7321,15,1,2,3,1,5.18,7.88,50 - 59
7322,15,2,2,2,1,8.42,13.59,50 - 59
7323,14,2,3,2,1,9.06,13.23,40 - 49
7324,14,1,1,1,1,13.1,14.91,40 - 49
7325,14,2,1,1,1,11.73,14.78,40 - 49
7326,13,2,2,1,1,20.36,23.03,30 - 39
7327,13,1,1,1,1,12.82,14.36,30 - 39
7328,13,2,2,2,1,9.95,14.87,30 - 39
7329,21,2,6,3,1,0.84,1.83,85 +
7330,17,2,2,3,1,5.14,9.58,60 - 69
7331,18,1,2,1,1,14.98,17.59,70 - 79
7332,15,2,2,1,1,9.73,14.46,50 - 59
7333,14,1,2,3,1,6.2,9.08,40 - 49
7334,14,2,2,1,1,11.73,14.78,40 - 49
7335,9,1,2,3,1,15.88,18.94,18 - 29
7336,14,1,4,2,1,12,14.07,40 - 49
7337,13,2,2,5,1,6.87,12.06,30 - 39
7338,12,2,6,1,1,10.45,12.48,18 - 29
7339,12,1,6,1,1,19.45,21.23,18 - 29
7340,14,1,3,1,1,13.1,14.91,40 - 49
7341,14,2,2,1,1,11.73,14.78,40 - 49
7342,13,1,6,1,2,17.17,20.1,30 - 39
7343,12,2,6,1,2,13.76,16.04,18 - 29
7344,14,1,2,4,1,6.2,9.08,40 - 49
7345,14,2,2,4,1,5.22,10.55,40 - 49
7346,15,1,2,1,1,11.32,13.29,50 - 59
7347,14,2,2,1,1,11.73,14.78,40 - 49
7348,14,2,2,2,1,9.06,13.23,40 - 49
7349,14,1,2,2,1,12,14.07,40 - 49
7350,15,2,2,2,1,8.42,13.59,50 - 59
7351,15,1,2,1,1,11.32,13.29,50 - 59
7352,14,2,6,3,1,5.22,10.55,40 - 49
7353,11,1,6,3,1,15.88,18.94,18 - 29
7354,15,1,2,1,1,11.32,13.29,50 - 59
7355,15,2,3,2,1,8.42,13.59,50 - 59
7356,11,1,2,1,1,19.45,21.23,18 - 29
7357,14,2,2,3,1,5.22,10.55,40 - 49
7358,11,1,2,3,1,15.88,18.94,18 - 29
7359,11,2,4,3,1,8,12.64,18 - 29
7360,14,2,6,1,1,11.73,14.78,40 - 49
7361,11,2,6,3,1,8,12.64,18 - 29
7362,19,1,2,4,1,3.16,6.06,70 - 79
7363,15,1,2,1,1,11.32,13.29,50 - 59
7364,15,2,2,1,1,9.73,14.46,50 - 59
7365,21,1,6,1,1,1.87,3.75,85 +
7366,15,2,5,1,1,9.73,14.46,50 - 59
7367,14,2,3,3,1,5.22,10.55,40 - 49
7368,13,1,2,2,2,14.21,16.7,30 - 39
7369,13,1,3,5,2,8.27,11.21,30 - 39
7370,13,2,2,1,2,16.19,23.45,30 - 39
7371,11,1,3,5,2,15.22,17.22,18 - 29
7372,21,2,6,4,1,0.84,1.83,85 +
7373,13,2,6,4,2,2.82,8.1,30 - 39
7374,12,2,6,4,1,8,12.64,18 - 29
7375,13,1,6,4,1,13.29,15.77,30 - 39
7376,15,2,6,3,1,6.63,11.31,50 - 59
7377,16,1,6,3,1,6.59,8.29,60 - 69
7378,13,1,6,5,1,13.29,15.77,30 - 39
7379,14,2,6,5,1,5.22,10.55,40 - 49
7380,20,2,6,3,2,0,0,80 - 84
7381,17,1,1,3,1,6.59,8.29,60 - 69
7382,17,2,4,3,1,5.14,9.58,60 - 69
7383,14,1,4,4,1,6.2,9.08,40 - 49
7384,11,2,6,2,1,11.19,15.6,18 - 29
7385,15,1,2,1,1,11.32,13.29,50 - 59
7386,15,2,4,3,1,6.63,11.31,50 - 59
7387,11,2,2,2,1,11.19,15.6,18 - 29
7388,18,1,6,1,1,14.98,17.59,70 - 79
7389,13,2,2,5,1,6.87,12.06,30 - 39
7390,14,1,2,3,1,6.2,9.08,40 - 49
7391,14,2,3,3,1,5.22,10.55,40 - 49
7392,11,1,4,3,1,15.88,18.94,18 - 29
7393,9,1,4,5,1,15.88,18.94,18 - 29
7394,14,2,6,3,1,5.22,10.55,40 - 49
7395,21,2,6,2,1,1.45,2.21,85 +
7396,10,2,6,3,1,8,12.64,18 - 29
7397,14,2,2,2,1,9.06,13.23,40 - 49
7398,14,1,2,1,1,13.1,14.91,40 - 49
7399,9,1,2,3,1,15.88,18.94,18 - 29
7400,14,2,2,3,1,5.22,10.55,40 - 49
7401,17,1,6,3,1,6.59,8.29,60 - 69
7402,19,1,5,3,1,3.16,6.06,70 - 79
7403,13,2,6,2,1,9.95,14.87,30 - 39
7404,11,2,4,5,2,4.71,11.29,18 - 29
7405,11,1,4,5,2,15.22,17.22,18 - 29
7406,15,2,2,2,1,8.42,13.59,50 - 59
7407,16,1,2,1,1,14.44,17.13,60 - 69
7408,14,1,2,5,1,6.2,9.08,40 - 49
7409,13,2,2,2,2,5.91,11.52,30 - 39
7410,13,1,4,3,2,8.27,11.21,30 - 39
7411,16,1,5,4,1,6.59,8.29,60 - 69
7412,15,1,2,2,1,10.75,12.92,50 - 59
7413,19,1,2,2,1,11.03,13.23,70 - 79
7414,19,2,4,4,1,2.31,5.17,70 - 79
7415,15,1,2,1,1,11.32,13.29,50 - 59
7416,15,2,2,3,1,6.63,11.31,50 - 59
7417,15,2,5,1,2,7.7,11.11,50 - 59
7418,15,1,2,2,1,10.75,12.92,50 - 59
7419,13,1,2,1,1,12.82,14.36,30 - 39
7420,13,2,2,1,1,20.36,23.03,30 - 39
7421,16,2,2,3,1,5.14,9.58,60 - 69
7422,15,2,2,2,1,8.42,13.59,50 - 59
7423,16,1,2,1,1,14.44,17.13,60 - 69
7424,12,1,2,1,1,19.45,21.23,18 - 29
7425,21,1,6,3,1,2.35,5.31,85 +
7426,21,2,4,3,1,0.84,1.83,85 +
7427,14,2,2,1,1,11.73,14.78,40 - 49
7428,14,1,2,2,1,12,14.07,40 - 49
7429,14,1,2,1,1,13.1,14.91,40 - 49
7430,15,1,2,3,2,2.55,3.47,50 - 59
7431,14,2,2,1,2,16.57,22.94,40 - 49
7432,15,2,2,3,2,0.54,5.32,50 - 59
7433,15,1,3,2,1,10.75,12.92,50 - 59
7434,15,2,2,3,1,6.63,11.31,50 - 59
7435,12,2,3,3,1,8,12.64,18 - 29
7436,14,1,2,1,2,13.96,16.83,40 - 49
7437,13,2,2,1,2,16.19,23.45,30 - 39
7438,15,2,2,2,1,8.42,13.59,50 - 59
7439,15,1,2,2,1,10.75,12.92,50 - 59
7440,14,2,2,2,1,9.06,13.23,40 - 49
7441,14,1,1,2,1,12,14.07,40 - 49
7442,16,1,2,3,1,6.59,8.29,60 - 69
7443,15,2,4,3,1,6.63,11.31,50 - 59
7444,13,1,2,1,1,12.82,14.36,30 - 39
7445,13,2,3,2,1,9.95,14.87,30 - 39
7446,19,2,6,3,1,2.31,5.17,70 - 79
7447,13,2,2,1,1,20.36,23.03,30 - 39
7448,13,1,2,5,1,13.29,15.77,30 - 39
7449,21,2,6,3,1,0.84,1.83,85 +
7450,18,2,6,4,2,0.78,0.78,70 - 79
7451,16,1,6,2,2,4.27,5.3,60 - 69
7452,15,2,5,3,2,0.54,5.32,50 - 59
7453,14,2,5,4,1,5.22,10.55,40 - 49
7454,9,2,6,5,1,8,12.64,18 - 29
7455,14,2,2,5,1,5.22,10.55,40 - 49
7456,14,1,2,2,1,12,14.07,40 - 49
7457,14,2,2,2,1,9.06,13.23,40 - 49
7458,12,2,3,1,2,13.76,16.04,18 - 29
7459,11,1,2,1,1,19.45,21.23,18 - 29
7460,15,2,2,1,1,9.73,14.46,50 - 59
7461,16,1,3,1,1,14.44,17.13,60 - 69
7462,21,1,2,2,1,2.26,3.31,85 +
7463,13,2,4,1,1,20.36,23.03,30 - 39
7464,13,1,2,5,1,13.29,15.77,30 - 39
7465,11,2,6,1,1,10.45,12.48,18 - 29
7466,11,2,6,4,1,8,12.64,18 - 29
7467,19,2,3,2,1,3.42,6.47,70 - 79
7468,20,1,2,2,1,2.26,3.31,80 - 84
7469,14,2,1,2,1,9.06,13.23,40 - 49
7470,15,1,2,3,1,5.18,7.88,50 - 59
7471,14,2,4,3,1,5.22,10.55,40 - 49
7472,12,2,4,3,1,8,12.64,18 - 29
7473,11,1,2,3,1,15.88,18.94,18 - 29
7474,9,1,4,3,1,15.88,18.94,18 - 29
7475,15,2,4,3,1,6.63,11.31,50 - 59
7476,15,1,4,3,1,5.18,7.88,50 - 59
7477,11,2,6,2,1,11.19,15.6,18 - 29
7478,20,2,6,3,1,0.84,1.83,80 - 84
7479,14,2,2,2,1,9.06,13.23,40 - 49
7480,14,1,2,3,1,6.2,9.08,40 - 49
7481,11,2,4,3,1,8,12.64,18 - 29
7482,11,1,2,3,1,15.88,18.94,18 - 29
7483,14,1,2,1,2,13.96,16.83,40 - 49
7484,14,2,1,1,1,11.73,14.78,40 - 49
7485,14,1,1,1,1,13.1,14.91,40 - 49
7486,14,2,3,1,1,11.73,14.78,40 - 49
7487,14,1,2,1,1,13.1,14.91,40 - 49
7488,12,1,4,1,1,19.45,21.23,18 - 29
7489,13,1,2,1,2,17.17,20.1,30 - 39
7490,13,2,2,4,2,2.82,8.1,30 - 39
7491,15,1,4,3,2,2.55,3.47,50 - 59
7492,15,2,4,2,2,8.46,12.9,50 - 59
7493,20,2,6,3,1,0.84,1.83,80 - 84
7494,13,1,2,2,1,14.15,16.25,30 - 39
7495,18,1,2,3,1,3.16,6.06,70 - 79
7496,16,2,2,3,1,5.14,9.58,60 - 69
7497,12,1,3,4,1,15.88,18.94,18 - 29
7498,15,1,5,4,1,5.18,7.88,50 - 59
7499,17,2,6,2,1,7.97,12.46,60 - 69
7500,13,1,2,1,1,12.82,14.36,30 - 39
7501,13,2,2,1,1,20.36,23.03,30 - 39
7502,19,2,2,1,1,7.22,9.72,70 - 79
7503,18,2,4,1,1,7.22,9.72,70 - 79
7504,19,2,3,1,1,7.22,9.72,70 - 79
7505,19,1,2,1,1,14.98,17.59,70 - 79
7506,18,2,2,1,1,7.22,9.72,70 - 79
7507,21,1,3,1,1,1.87,3.75,85 +
7508,14,1,2,1,1,13.1,14.91,40 - 49
7509,15,2,2,1,1,9.73,14.46,50 - 59
7510,10,2,2,1,1,10.45,12.48,18 - 29
7511,16,2,2,2,1,7.97,12.46,60 - 69
7512,12,2,3,5,1,8,12.64,18 - 29
7513,12,1,2,5,1,15.88,18.94,18 - 29
7514,20,1,2,2,1,2.26,3.31,80 - 84
7515,12,1,2,2,2,15.27,17.63,18 - 29
7516,12,2,2,3,2,4.71,11.29,18 - 29
7517,13,2,6,3,1,6.87,12.06,30 - 39
7518,12,2,4,3,1,8,12.64,18 - 29
7519,12,1,2,2,1,19.22,21.56,18 - 29
7520,14,2,2,1,1,11.73,14.78,40 - 49
7521,15,1,2,2,1,10.75,12.92,50 - 59
7522,10,2,2,2,1,11.19,15.6,18 - 29
7523,15,2,2,1,1,9.73,14.46,50 - 59
7524,12,2,4,2,1,11.19,15.6,18 - 29
7525,15,2,2,1,1,9.73,14.46,50 - 59
7526,15,1,2,1,1,11.32,13.29,50 - 59
7527,17,2,6,3,1,5.14,9.58,60 - 69
7528,16,2,4,2,1,7.97,12.46,60 - 69
7529,19,1,2,1,1,14.98,17.59,70 - 79
7530,13,1,2,3,1,13.29,15.77,30 - 39
7531,16,2,6,1,1,8.63,11.12,60 - 69
7532,15,2,2,3,1,6.63,11.31,50 - 59
7533,15,1,2,1,1,11.32,13.29,50 - 59
7534,11,2,2,5,1,8,12.64,18 - 29
7535,15,1,2,1,1,11.32,13.29,50 - 59
7536,14,2,2,3,1,5.22,10.55,40 - 49
7537,11,1,2,3,1,15.88,18.94,18 - 29
7538,11,1,2,1,1,19.45,21.23,18 - 29
7539,12,2,4,1,1,10.45,12.48,18 - 29
7540,15,1,2,2,1,10.75,12.92,50 - 59
7541,14,2,2,2,1,9.06,13.23,40 - 49
7542,15,1,2,2,1,10.75,12.92,50 - 59
7543,15,2,2,1,1,9.73,14.46,50 - 59
7544,15,1,2,1,1,11.32,13.29,50 - 59
7545,12,2,2,3,1,8,12.64,18 - 29
7546,14,1,1,1,1,13.1,14.91,40 - 49
7547,14,2,2,2,1,9.06,13.23,40 - 49
7548,11,2,3,2,1,11.19,15.6,18 - 29
7549,14,2,2,2,1,9.06,13.23,40 - 49
7550,11,2,2,1,1,10.45,12.48,18 - 29
7551,11,1,3,4,1,15.88,18.94,18 - 29
7552,20,1,6,1,1,1.87,3.75,80 - 84
7553,14,2,2,1,1,11.73,14.78,40 - 49
7554,14,1,2,2,1,12,14.07,40 - 49
7555,14,2,2,5,1,5.22,10.55,40 - 49
7556,15,2,4,2,1,8.42,13.59,50 - 59
7557,11,2,2,2,2,17.58,21.48,18 - 29
7558,13,1,2,1,2,17.17,20.1,30 - 39
7559,13,2,3,1,2,16.19,23.45,30 - 39
7560,14,2,5,2,1,9.06,13.23,40 - 49
7561,14,1,2,3,1,6.2,9.08,40 - 49
7562,12,2,3,4,1,8,12.64,18 - 29
7563,11,1,2,2,1,19.22,21.56,18 - 29
7564,13,1,2,1,1,12.82,14.36,30 - 39
7565,13,2,4,2,1,9.95,14.87,30 - 39
7566,13,1,2,3,1,13.29,15.77,30 - 39
7567,13,2,2,2,1,9.95,14.87,30 - 39
7568,14,1,2,2,1,12,14.07,40 - 49
7569,11,1,4,4,1,15.88,18.94,18 - 29
7570,13,2,2,1,1,20.36,23.03,30 - 39
7571,13,1,2,2,1,14.15,16.25,30 - 39
7572,12,1,3,3,2,15.22,17.22,18 - 29
7573,15,2,4,3,2,0.54,5.32,50 - 59
7574,14,1,3,3,2,2.3,3.53,40 - 49
7575,13,2,2,4,2,2.82,8.1,30 - 39
7576,15,1,2,3,2,2.55,3.47,50 - 59
7577,18,1,2,3,1,3.16,6.06,70 - 79
7578,18,2,4,3,1,2.31,5.17,70 - 79
7579,15,1,2,2,1,10.75,12.92,50 - 59
7580,13,2,2,2,1,9.95,14.87,30 - 39
7581,14,1,2,1,1,13.1,14.91,40 - 49
7582,16,2,4,3,1,5.14,9.58,60 - 69
7583,12,1,2,1,2,4.95,9.08,18 - 29
7584,15,2,3,2,2,8.46,12.9,50 - 59
7585,14,2,2,1,1,11.73,14.78,40 - 49
7586,15,1,2,1,1,11.32,13.29,50 - 59
7587,20,1,6,2,1,2.26,3.31,80 - 84
7588,18,2,2,3,1,2.31,5.17,70 - 79
7589,19,1,3,1,1,14.98,17.59,70 - 79
7590,9,2,6,5,2,4.71,11.29,18 - 29
7591,10,2,6,5,1,8,12.64,18 - 29
7592,10,1,5,5,1,15.88,18.94,18 - 29
7593,14,2,1,4,1,5.22,10.55,40 - 49
7594,14,1,2,1,1,13.1,14.91,40 - 49
7595,14,2,2,1,1,11.73,14.78,40 - 49
7596,14,1,2,1,1,13.1,14.91,40 - 49
7597,15,2,2,1,1,9.73,14.46,50 - 59
7598,15,1,2,1,1,11.32,13.29,50 - 59
7599,14,2,2,2,1,9.06,13.23,40 - 49
7600,14,1,2,2,1,12,14.07,40 - 49
7601,15,1,2,2,1,10.75,12.92,50 - 59
7602,15,2,2,1,1,9.73,14.46,50 - 59
7603,16,2,6,2,1,7.97,12.46,60 - 69
7604,18,2,4,3,1,2.31,5.17,70 - 79
7605,13,2,1,1,1,20.36,23.03,30 - 39
7606,13,1,2,2,1,14.15,16.25,30 - 39
7607,17,2,3,2,1,7.97,12.46,60 - 69
7608,18,1,2,2,1,11.03,13.23,70 - 79
7609,12,2,2,1,1,10.45,12.48,18 - 29
7610,13,1,1,1,1,12.82,14.36,30 - 39
7611,13,1,2,2,1,14.15,16.25,30 - 39
7612,13,2,2,2,1,9.95,14.87,30 - 39
7613,14,2,2,1,1,11.73,14.78,40 - 49
7614,15,1,2,2,1,10.75,12.92,50 - 59
7615,11,1,2,3,1,15.88,18.94,18 - 29
7616,16,2,6,3,1,5.14,9.58,60 - 69
7617,19,2,2,3,1,2.31,5.17,70 - 79
7618,21,2,4,4,1,0.84,1.83,85 +
7619,16,1,2,1,1,14.44,17.13,60 - 69
7620,17,2,4,3,1,5.14,9.58,60 - 69
7621,17,1,2,3,1,6.59,8.29,60 - 69
7622,19,2,5,2,1,3.42,6.47,70 - 79
7623,15,2,6,3,1,6.63,11.31,50 - 59
7624,19,1,6,3,1,3.16,6.06,70 - 79
7625,13,2,2,2,1,9.95,14.87,30 - 39
7626,14,1,2,3,1,6.2,9.08,40 - 49
7627,16,1,2,2,1,10.61,13.08,60 - 69
7628,15,2,3,2,1,8.42,13.59,50 - 59
7629,17,1,2,3,2,7.31,9.67,60 - 69
7630,15,2,4,4,2,0.54,5.32,50 - 59
7631,14,2,3,1,1,11.73,14.78,40 - 49
7632,14,1,2,1,1,13.1,14.91,40 - 49
7633,13,2,4,4,2,2.82,8.1,30 - 39
7634,11,1,5,2,1,19.22,21.56,18 - 29
7635,16,2,2,2,1,7.97,12.46,60 - 69
7636,19,1,2,1,1,14.98,17.59,70 - 79
7637,18,2,2,2,1,3.42,6.47,70 - 79
7638,14,1,3,2,1,12,14.07,40 - 49
7639,20,2,6,2,1,1.45,2.21,80 - 84
7640,12,1,2,1,1,19.45,21.23,18 - 29
7641,13,2,2,1,1,20.36,23.03,30 - 39
7642,12,1,2,3,2,15.22,17.22,18 - 29
7643,21,2,6,3,1,0.84,1.83,85 +
7644,19,2,5,2,1,3.42,6.47,70 - 79
7645,20,2,6,3,1,0.84,1.83,80 - 84
7646,14,2,2,2,1,9.06,13.23,40 - 49
7647,10,1,4,3,1,15.88,18.94,18 - 29
7648,11,1,4,1,1,19.45,21.23,18 - 29
7649,14,1,6,3,1,6.2,9.08,40 - 49
7650,14,2,6,3,1,5.22,10.55,40 - 49
7651,17,1,6,5,1,6.59,8.29,60 - 69
7652,11,2,4,2,1,11.19,15.6,18 - 29
7653,12,1,2,1,1,19.45,21.23,18 - 29
7654,11,1,1,1,1,19.45,21.23,18 - 29
7655,11,2,2,3,1,8,12.64,18 - 29
7656,16,2,2,3,1,5.14,9.58,60 - 69
7657,11,1,4,3,1,15.88,18.94,18 - 29
7658,14,1,1,2,1,12,14.07,40 - 49
7659,11,2,2,2,1,11.19,15.6,18 - 29
7660,13,1,2,1,1,12.82,14.36,30 - 39
7661,13,1,2,1,1,12.82,14.36,30 - 39
7662,13,2,2,1,1,20.36,23.03,30 - 39
7663,21,1,2,3,1,2.35,5.31,85 +
7664,20,2,3,1,1,0.6,0.78,80 - 84
7665,20,2,4,1,1,0.6,0.78,80 - 84
7666,16,2,2,2,1,7.97,12.46,60 - 69
7667,15,2,6,3,1,6.63,11.31,50 - 59
7668,11,2,6,3,1,8,12.64,18 - 29
7669,17,1,2,3,1,6.59,8.29,60 - 69
7670,17,2,4,3,1,5.14,9.58,60 - 69
7671,14,1,2,3,1,6.2,9.08,40 - 49
7672,14,2,2,2,1,9.06,13.23,40 - 49
7673,14,1,3,5,1,6.2,9.08,40 - 49
7674,18,2,6,3,1,2.31,5.17,70 - 79
7675,20,1,6,3,1,2.35,5.31,80 - 84
7676,14,1,2,5,1,6.2,9.08,40 - 49
7677,15,2,4,4,1,6.63,11.31,50 - 59
7678,15,1,5,2,1,10.75,12.92,50 - 59
7679,15,2,6,4,1,6.63,11.31,50 - 59
7680,13,2,2,2,1,9.95,14.87,30 - 39
7681,13,1,3,3,1,13.29,15.77,30 - 39
7682,20,2,6,2,1,1.45,2.21,80 - 84
7683,13,2,2,1,1,20.36,23.03,30 - 39
7684,13,1,3,2,1,14.15,16.25,30 - 39
7685,16,2,2,1,1,8.63,11.12,60 - 69
7686,16,1,2,3,1,6.59,8.29,60 - 69
7687,12,1,3,3,1,15.88,18.94,18 - 29
7688,11,1,2,2,1,19.22,21.56,18 - 29
7689,17,2,2,2,1,7.97,12.46,60 - 69
7690,13,1,2,1,1,12.82,14.36,30 - 39
7691,18,2,5,3,1,2.31,5.17,70 - 79
7692,21,2,6,2,1,1.45,2.21,85 +
7693,20,2,4,2,1,1.45,2.21,80 - 84
7694,14,1,2,3,1,6.2,9.08,40 - 49
7695,15,2,4,1,1,9.73,14.46,50 - 59
7696,11,1,2,3,1,15.88,18.94,18 - 29
7697,15,2,4,2,1,8.42,13.59,50 - 59
7698,14,1,2,3,1,6.2,9.08,40 - 49
7699,14,2,2,5,1,5.22,10.55,40 - 49
7700,13,1,2,1,1,12.82,14.36,30 - 39
7701,11,2,2,1,1,10.45,12.48,18 - 29
7702,14,1,2,3,1,6.2,9.08,40 - 49
7703,14,2,1,2,1,9.06,13.23,40 - 49
7704,13,1,2,3,1,13.29,15.77,30 - 39
7705,11,2,4,3,1,8,12.64,18 - 29
7706,14,2,2,3,1,5.22,10.55,40 - 49
7707,10,1,4,3,1,15.88,18.94,18 - 29
7708,12,1,6,4,1,15.88,18.94,18 - 29
7709,15,2,2,2,1,8.42,13.59,50 - 59
7710,20,2,4,3,1,0.84,1.83,80 - 84
7711,14,1,3,1,1,13.1,14.91,40 - 49
7712,11,2,2,3,1,8,12.64,18 - 29
7713,15,2,5,3,1,6.63,11.31,50 - 59
7714,14,1,4,4,1,6.2,9.08,40 - 49
7715,19,2,5,2,1,3.42,6.47,70 - 79
7716,20,1,5,2,1,2.26,3.31,80 - 84
7717,15,1,2,1,1,11.32,13.29,50 - 59
7718,14,2,3,1,1,11.73,14.78,40 - 49
7719,13,2,4,1,2,16.19,23.45,30 - 39
7720,13,2,2,2,2,5.91,11.52,30 - 39
7721,14,1,2,3,1,6.2,9.08,40 - 49
7722,11,2,2,3,1,8,12.64,18 - 29
7723,17,1,6,3,1,6.59,8.29,60 - 69
7724,19,2,2,3,1,2.31,5.17,70 - 79
7725,19,2,4,3,1,2.31,5.17,70 - 79
7726,15,2,6,3,1,6.63,11.31,50 - 59
7727,20,2,6,2,1,1.45,2.21,80 - 84
7728,10,1,2,5,1,15.88,18.94,18 - 29
7729,11,1,3,5,1,15.88,18.94,18 - 29
7730,10,1,3,5,2,15.22,17.22,18 - 29
7731,10,1,2,5,2,15.22,17.22,18 - 29
7732,12,1,2,5,1,15.88,18.94,18 - 29
7733,10,1,2,5,1,15.88,18.94,18 - 29
7734,10,2,3,5,1,8,12.64,18 - 29
7735,15,1,3,3,1,5.18,7.88,50 - 59
7736,15,2,2,3,1,6.63,11.31,50 - 59
7737,13,2,4,3,1,6.87,12.06,30 - 39
7738,15,1,2,2,1,10.75,12.92,50 - 59
7739,15,2,3,3,1,6.63,11.31,50 - 59
7740,11,1,2,1,1,19.45,21.23,18 - 29
7741,11,1,4,4,1,15.88,18.94,18 - 29
7742,20,2,6,3,1,0.84,1.83,80 - 84
7743,18,1,2,1,1,14.98,17.59,70 - 79
7744,12,2,2,5,1,8,12.64,18 - 29
7745,12,1,3,2,1,19.22,21.56,18 - 29
7746,13,2,2,1,1,20.36,23.03,30 - 39
7747,13,1,4,2,1,14.15,16.25,30 - 39
7748,17,1,2,3,1,6.59,8.29,60 - 69
7749,17,2,4,3,1,5.14,9.58,60 - 69
7750,15,1,1,2,1,10.75,12.92,50 - 59
7751,15,2,2,2,1,8.42,13.59,50 - 59
7752,16,1,2,2,1,10.61,13.08,60 - 69
7753,15,2,2,1,1,9.73,14.46,50 - 59
7754,11,2,2,1,1,10.45,12.48,18 - 29
7755,11,1,2,1,1,19.45,21.23,18 - 29
7756,14,2,2,1,1,11.73,14.78,40 - 49
7757,15,1,2,1,1,11.32,13.29,50 - 59
7758,14,2,1,1,1,11.73,14.78,40 - 49
7759,14,1,2,1,1,13.1,14.91,40 - 49
7760,9,1,3,4,1,15.88,18.94,18 - 29
7761,13,2,3,3,1,6.87,12.06,30 - 39
7762,13,1,2,3,2,8.27,11.21,30 - 39
7763,20,2,6,3,1,0.84,1.83,80 - 84
7764,13,1,2,3,1,13.29,15.77,30 - 39
7765,13,2,1,1,1,20.36,23.03,30 - 39
7766,13,2,2,1,1,20.36,23.03,30 - 39
7767,13,1,2,1,1,12.82,14.36,30 - 39
7768,20,2,6,4,1,0.84,1.83,80 - 84
7769,16,1,2,2,1,10.61,13.08,60 - 69
7770,15,2,2,2,1,8.42,13.59,50 - 59
7771,20,1,5,2,1,2.26,3.31,80 - 84
7772,21,2,6,1,1,0.6,0.78,85 +
7773,15,2,2,2,1,8.42,13.59,50 - 59
7774,15,1,2,1,1,11.32,13.29,50 - 59
7775,9,1,4,3,1,15.88,18.94,18 - 29
7776,17,2,2,2,1,7.97,12.46,60 - 69
7777,17,1,2,2,1,10.61,13.08,60 - 69
7778,13,1,1,1,1,12.82,14.36,30 - 39
7779,14,2,2,3,1,5.22,10.55,40 - 49
7780,20,1,2,3,1,2.35,5.31,80 - 84
7781,20,2,3,3,1,0.84,1.83,80 - 84
7782,20,2,2,1,1,0.6,0.78,80 - 84
7783,18,2,3,3,1,2.31,5.17,70 - 79
7784,14,2,3,3,1,5.22,10.55,40 - 49
7785,11,1,2,3,1,15.88,18.94,18 - 29
7786,9,2,4,3,1,8,12.64,18 - 29
7787,12,1,5,1,1,19.45,21.23,18 - 29
7788,12,2,5,1,2,13.76,16.04,18 - 29
7789,10,2,6,5,1,8,12.64,18 - 29
7790,11,2,6,5,1,8,12.64,18 - 29
7791,10,2,6,5,1,8,12.64,18 - 29
7792,11,2,5,1,1,10.45,12.48,18 - 29
7793,12,1,5,2,2,15.27,17.63,18 - 29
7794,21,1,5,4,1,2.35,5.31,85 +
7795,11,1,3,4,2,15.22,17.22,18 - 29
7796,11,2,2,4,2,4.71,11.29,18 - 29
7797,14,2,3,4,2,2.95,9.94,40 - 49
7798,12,2,1,1,2,13.76,16.04,18 - 29
7799,15,1,2,3,2,2.55,3.47,50 - 59
7800,13,2,3,3,1,6.87,12.06,30 - 39
7801,13,1,2,3,1,13.29,15.77,30 - 39
7802,19,2,6,5,1,2.31,5.17,70 - 79
7803,17,1,2,3,1,6.59,8.29,60 - 69
7804,17,2,3,3,1,5.14,9.58,60 - 69
7805,13,1,3,3,1,13.29,15.77,30 - 39
7806,14,2,1,2,1,9.06,13.23,40 - 49
7807,14,1,2,1,1,13.1,14.91,40 - 49
7808,11,2,2,5,1,8,12.64,18 - 29
7809,13,2,5,1,1,20.36,23.03,30 - 39
7810,19,2,4,3,1,2.31,5.17,70 - 79
7811,19,1,4,3,2,17.71,18.49,70 - 79
7812,14,1,2,1,1,13.1,14.91,40 - 49
7813,16,2,6,4,2,3.07,5.54,60 - 69
7814,13,1,5,1,2,17.17,20.1,30 - 39
7815,12,2,6,4,2,4.71,11.29,18 - 29
7816,11,2,4,4,2,4.71,11.29,18 - 29
7817,13,1,2,4,2,8.27,11.21,30 - 39
7818,21,2,4,3,1,0.84,1.83,85 +
7819,15,1,3,2,1,10.75,12.92,50 - 59
7820,15,2,2,4,1,6.63,11.31,50 - 59
7821,15,1,4,3,1,5.18,7.88,50 - 59
7822,11,2,4,3,1,8,12.64,18 - 29
7823,11,2,4,3,1,8,12.64,18 - 29
7824,14,1,2,2,1,12,14.07,40 - 49
